Time,PACKAGED ROOFTOP AIR CONDITIONER:DesPer 1:Des Heat Mass Flow [kg/s],PACKAGED ROOFTOP AIR CONDITIONER:DesPer 1:Des Heat Cap [W],PACKAGED ROOFTOP AIR CONDITIONER:DesPer 1:Des Cool Mass Flow [kg/s],PACKAGED ROOFTOP AIR CONDITIONER:DesPer 1:Des Sens Cool Cap [W],PACKAGED ROOFTOP AIR CONDITIONER:DesPer 1:Des Tot Cool Cap [W],PACKAGED ROOFTOP AIR CONDITIONER:DesPer 2:Des Heat Mass Flow [kg/s],PACKAGED ROOFTOP AIR CONDITIONER:DesPer 2:Des Heat Cap [W],PACKAGED ROOFTOP AIR CONDITIONER:DesPer 2:Des Cool Mass Flow [kg/s],PACKAGED ROOFTOP AIR CONDITIONER:DesPer 2:Des Sens Cool Cap [W],PACKAGED ROOFTOP AIR CONDITIONER:DesPer 2:Des Tot Cool Cap [W],PACKAGED ROOFTOP AIR CONDITIONER:DesPer 3:Des Heat Mass Flow [kg/s],PACKAGED ROOFTOP AIR CONDITIONER:DesPer 3:Des Heat Cap [W],PACKAGED ROOFTOP AIR CONDITIONER:DesPer 3:Des Cool Mass Flow [kg/s],PACKAGED ROOFTOP AIR CONDITIONER:DesPer 3:Des Sens Cool Cap [W],PACKAGED ROOFTOP AIR CONDITIONER:DesPer 3:Des Tot Cool Cap [W],PACKAGED ROOFTOP AIR CONDITIONER:DesPer 4:Des Heat Mass Flow [kg/s],PACKAGED ROOFTOP AIR CONDITIONER:DesPer 4:Des Heat Cap [W],PACKAGED ROOFTOP AIR CONDITIONER:DesPer 4:Des Cool Mass Flow [kg/s],PACKAGED ROOFTOP AIR CONDITIONER:DesPer 4:Des Sens Cool Cap [W],PACKAGED ROOFTOP AIR CONDITIONER:DesPer 4:Des Tot Cool Cap [W],PACKAGED ROOFTOP AIR CONDITIONER:DesPer 5:Des Heat Mass Flow [kg/s],PACKAGED ROOFTOP AIR CONDITIONER:DesPer 5:Des Heat Cap [W],PACKAGED ROOFTOP AIR CONDITIONER:DesPer 5:Des Cool Mass Flow [kg/s],PACKAGED ROOFTOP AIR CONDITIONER:DesPer 5:Des Sens Cool Cap [W],PACKAGED ROOFTOP AIR CONDITIONER:DesPer 5:Des Tot Cool Cap [W],PACKAGED ROOFTOP AIR CONDITIONER:DesPer 6:Des Heat Mass Flow [kg/s],PACKAGED ROOFTOP AIR CONDITIONER:DesPer 6:Des Heat Cap [W],PACKAGED ROOFTOP AIR CONDITIONER:DesPer 6:Des Cool Mass Flow [kg/s],PACKAGED ROOFTOP AIR CONDITIONER:DesPer 6:Des Sens Cool Cap [W],PACKAGED ROOFTOP AIR CONDITIONER:DesPer 6:Des Tot Cool Cap [W],PACKAGED ROOFTOP AIR CONDITIONER:DesPer 7:Des Heat Mass Flow [kg/s],PACKAGED ROOFTOP AIR CONDITIONER:DesPer 7:Des Heat Cap [W],PACKAGED ROOFTOP AIR CONDITIONER:DesPer 7:Des Cool Mass Flow [kg/s],PACKAGED ROOFTOP AIR CONDITIONER:DesPer 7:Des Sens Cool Cap [W],PACKAGED ROOFTOP AIR CONDITIONER:DesPer 7:Des Tot Cool Cap [W]
00:10:00,7.799581E+00,1.208147E+05,8.105186E+00,9.598370E+04,2.308556E+05,7.799581E+00,1.552996E+05,7.940010E+00,5.892186E+04,1.956412E+05,7.799581E+00,1.357059E+05,8.004155E+00,7.950548E+04,2.707031E+05,7.799581E+00,1.372734E+05,7.998645E+00,7.784326E+04,2.643544E+05,8.141465E+00,4.908612E+05,7.799581E+00,0.000000E+00,0.000000E+00,7.799581E+00,3.409302E+05,7.799581E+00,0.000000E+00,0.000000E+00,8.109332E+00,4.824049E+05,7.799581E+00,0.000000E+00,0.000000E+00
00:20:00,7.799581E+00,1.216376E+05,8.091954E+00,9.497323E+04,2.296014E+05,7.799581E+00,1.561225E+05,7.934494E+00,5.804376E+04,1.926087E+05,7.799581E+00,1.365288E+05,7.998653E+00,7.860690E+04,2.672753E+05,7.799581E+00,1.380963E+05,7.993153E+00,7.694645E+04,2.609607E+05,8.141465E+00,4.908612E+05,7.799581E+00,0.000000E+00,0.000000E+00,7.799581E+00,3.409302E+05,7.799581E+00,0.000000E+00,0.000000E+00,8.109332E+00,4.824049E+05,7.799581E+00,0.000000E+00,0.000000E+00
00:30:00,7.799581E+00,1.224606E+05,8.079014E+00,9.396894E+04,2.283582E+05,7.799581E+00,1.569455E+05,7.929088E+00,5.716762E+04,1.895953E+05,7.799581E+00,1.373518E+05,7.993260E+00,7.771053E+04,2.638699E+05,7.799581E+00,1.389193E+05,7.987769E+00,7.605183E+04,2.575891E+05,8.141465E+00,4.908612E+05,7.799581E+00,0.000000E+00,0.000000E+00,7.799581E+00,3.409302E+05,7.799581E+00,0.000000E+00,0.000000E+00,8.109332E+00,4.824049E+05,7.799581E+00,0.000000E+00,0.000000E+00
00:40:00,7.799581E+00,1.232835E+05,8.066359E+00,9.297066E+04,2.271258E+05,7.799581E+00,1.577684E+05,7.923791E+00,5.629339E+04,1.866009E+05,7.799581E+00,1.381747E+05,7.987974E+00,7.681632E+04,2.604866E+05,7.799581E+00,1.397422E+05,7.982490E+00,7.515933E+04,2.542392E+05,8.141465E+00,4.908612E+05,7.799581E+00,0.000000E+00,0.000000E+00,7.799581E+00,3.409302E+05,7.799581E+00,0.000000E+00,0.000000E+00,8.109332E+00,4.824049E+05,7.799581E+00,0.000000E+00,0.000000E+00
00:50:00,7.799581E+00,1.241064E+05,8.053984E+00,9.197825E+04,2.259041E+05,7.799581E+00,1.585913E+05,7.918600E+00,5.542101E+04,1.836251E+05,7.799581E+00,1.389976E+05,7.982792E+00,7.592423E+04,2.571251E+05,7.799581E+00,1.405651E+05,7.977315E+00,7.426892E+04,2.509109E+05,8.141465E+00,4.908612E+05,7.799581E+00,0.000000E+00,0.000000E+00,7.799581E+00,3.409302E+05,7.799581E+00,0.000000E+00,0.000000E+00,8.109332E+00,4.824049E+05,7.799581E+00,0.000000E+00,0.000000E+00
01:00:00,7.799581E+00,1.249294E+05,8.041885E+00,9.099158E+04,2.246928E+05,7.799581E+00,1.594143E+05,7.913514E+00,5.455046E+04,1.806677E+05,7.799581E+00,1.398206E+05,7.977713E+00,7.503419E+04,2.537852E+05,7.799581E+00,1.413881E+05,7.972242E+00,7.338054E+04,2.476039E+05,8.141465E+00,4.908612E+05,7.799581E+00,0.000000E+00,0.000000E+00,7.799581E+00,3.409302E+05,7.799581E+00,0.000000E+00,0.000000E+00,8.109332E+00,4.824049E+05,7.799581E+00,0.000000E+00,0.000000E+00
01:10:00,7.799581E+00,1.254780E+05,8.030203E+00,9.029456E+04,2.237859E+05,7.799581E+00,1.599629E+05,7.908589E+00,5.396022E+04,1.786702E+05,7.799581E+00,1.403692E+05,7.972793E+00,7.442711E+04,2.515202E+05,7.799581E+00,1.419367E+05,7.967329E+00,7.277489E+04,2.453619E+05,8.141465E+00,4.908612E+05,7.799581E+00,0.000000E+00,0.000000E+00,7.799581E+00,3.409302E+05,7.799581E+00,0.000000E+00,0.000000E+00,8.109332E+00,4.824049E+05,7.799581E+00,0.000000E+00,0.000000E+00
01:20:00,7.799581E+00,1.260266E+05,8.018934E+00,8.960379E+04,2.228923E+05,7.799581E+00,1.605115E+05,7.903823E+00,5.337175E+04,1.766840E+05,7.799581E+00,1.409178E+05,7.968030E+00,7.382218E+04,2.492690E+05,7.799581E+00,1.424853E+05,7.962572E+00,7.217135E+04,2.431335E+05,8.141465E+00,4.908612E+05,7.799581E+00,0.000000E+00,0.000000E+00,7.799581E+00,3.409302E+05,7.799581E+00,0.000000E+00,0.000000E+00,8.109332E+00,4.824049E+05,7.799581E+00,0.000000E+00,0.000000E+00
01:30:00,7.799581E+00,1.265752E+05,8.010161E+00,8.894233E+04,2.220693E+05,7.799581E+00,1.610601E+05,7.899214E+00,5.278499E+04,1.747089E+05,7.799581E+00,1.414664E+05,7.963422E+00,7.321934E+04,2.470312E+05,7.799581E+00,1.430339E+05,7.957970E+00,7.156987E+04,2.409183E+05,8.141465E+00,4.908612E+05,7.799581E+00,0.000000E+00,0.000000E+00,7.799581E+00,3.409302E+05,7.799581E+00,0.000000E+00,0.000000E+00,8.109332E+00,4.824049E+05,7.799581E+00,0.000000E+00,0.000000E+00
01:40:00,7.799581E+00,1.271239E+05,8.005751E+00,8.833023E+04,2.213684E+05,7.799581E+00,1.616088E+05,7.894760E+00,5.219992E+04,1.727448E+05,7.799581E+00,1.420151E+05,7.958969E+00,7.261856E+04,2.448068E+05,7.799581E+00,1.435826E+05,7.953522E+00,7.097043E+04,2.387163E+05,8.141465E+00,4.908612E+05,7.799581E+00,0.000000E+00,0.000000E+00,7.799581E+00,3.409302E+05,7.799581E+00,0.000000E+00,0.000000E+00,8.109332E+00,4.824049E+05,7.799581E+00,0.000000E+00,0.000000E+00
01:50:00,7.799581E+00,1.276725E+05,8.001494E+00,8.772044E+04,2.206723E+05,7.799581E+00,1.621574E+05,7.890464E+00,5.161649E+04,1.707915E+05,7.799581E+00,1.425637E+05,7.954672E+00,7.201981E+04,2.425956E+05,7.799581E+00,1.441312E+05,7.949231E+00,7.037299E+04,2.365273E+05,8.141465E+00,4.908612E+05,7.799581E+00,0.000000E+00,0.000000E+00,7.799581E+00,3.409302E+05,7.799581E+00,0.000000E+00,0.000000E+00,8.109332E+00,4.824049E+05,7.799581E+00,0.000000E+00,0.000000E+00
02:00:00,7.799581E+00,1.282211E+05,7.997391E+00,8.711292E+04,2.199811E+05,7.799581E+00,1.627060E+05,7.886325E+00,5.103469E+04,1.688489E+05,7.799581E+00,1.431123E+05,7.950531E+00,7.142308E+04,2.403975E+05,7.799581E+00,1.446798E+05,7.945096E+00,6.977752E+04,2.343511E+05,8.141465E+00,4.908612E+05,7.799581E+00,0.000000E+00,0.000000E+00,7.799581E+00,3.409302E+05,7.799581E+00,0.000000E+00,0.000000E+00,8.109332E+00,4.824049E+05,7.799581E+00,0.000000E+00,0.000000E+00
02:10:00,7.799581E+00,1.286326E+05,7.993386E+00,8.664760E+04,2.194375E+05,7.799581E+00,1.631175E+05,7.882285E+00,5.059272E+04,1.673768E+05,7.799581E+00,1.435238E+05,7.946489E+00,7.096755E+04,2.387262E+05,7.799581E+00,1.450913E+05,7.941060E+00,6.932314E+04,2.326969E+05,8.141465E+00,4.908612E+05,7.799581E+00,0.000000E+00,0.000000E+00,7.799581E+00,3.409302E+05,7.799581E+00,0.000000E+00,0.000000E+00,8.109332E+00,4.824049E+05,7.799581E+00,0.000000E+00,0.000000E+00
02:20:00,7.799581E+00,1.290440E+05,7.989480E+00,8.618377E+04,2.188971E+05,7.799581E+00,1.635289E+05,7.878346E+00,5.015181E+04,1.659112E+05,7.799581E+00,1.439353E+05,7.942548E+00,7.051335E+04,2.370629E+05,7.799581E+00,1.455027E+05,7.937125E+00,6.887007E+04,2.310506E+05,8.141465E+00,4.908612E+05,7.799581E+00,0.000000E+00,0.000000E+00,7.799581E+00,3.409302E+05,7.799581E+00,0.000000E+00,0.000000E+00,8.109332E+00,4.824049E+05,7.799581E+00,0.000000E+00,0.000000E+00
02:30:00,7.799581E+00,1.294555E+05,7.985675E+00,8.572144E+04,2.183600E+05,7.799581E+00,1.639404E+05,7.874509E+00,4.971197E+04,1.644521E+05,7.799581E+00,1.443467E+05,7.938709E+00,7.006046E+04,2.354075E+05,7.799581E+00,1.459142E+05,7.933292E+00,6.841829E+04,2.294122E+05,8.141465E+00,4.908612E+05,7.799581E+00,0.000000E+00,0.000000E+00,7.799581E+00,3.409302E+05,7.799581E+00,0.000000E+00,0.000000E+00,8.109332E+00,4.824049E+05,7.799581E+00,0.000000E+00,0.000000E+00
02:40:00,7.799581E+00,1.298670E+05,7.981969E+00,8.526057E+04,2.178259E+05,7.799581E+00,1.643519E+05,7.870773E+00,4.927316E+04,1.629994E+05,7.799581E+00,1.447582E+05,7.934972E+00,6.960887E+04,2.337600E+05,7.799581E+00,1.463257E+05,7.929560E+00,6.796778E+04,2.277814E+05,8.141465E+00,4.908612E+05,7.799581E+00,0.000000E+00,0.000000E+00,7.799581E+00,3.409302E+05,7.799581E+00,0.000000E+00,0.000000E+00,8.109332E+00,4.824049E+05,7.799581E+00,0.000000E+00,0.000000E+00
02:50:00,7.799581E+00,1.302785E+05,7.978361E+00,8.480113E+04,2.172948E+05,7.799581E+00,1.647633E+05,7.867137E+00,4.883536E+04,1.615530E+05,7.799581E+00,1.451697E+05,7.931334E+00,6.915854E+04,2.321203E+05,7.799581E+00,1.467372E+05,7.925927E+00,6.751851E+04,2.261583E+05,8.141465E+00,4.908612E+05,7.799581E+00,0.000000E+00,0.000000E+00,7.799581E+00,3.409302E+05,7.799581E+00,0.000000E+00,0.000000E+00,8.109332E+00,4.824049E+05,7.799581E+00,0.000000E+00,0.000000E+00
03:00:00,7.799581E+00,1.306899E+05,7.974850E+00,8.434310E+04,2.167669E+05,7.799581E+00,1.651748E+05,7.863599E+00,4.839856E+04,1.601127E+05,7.799581E+00,1.455811E+05,7.927794E+00,6.870944E+04,2.304881E+05,7.799581E+00,1.471486E+05,7.922393E+00,6.707045E+04,2.245426E+05,8.141465E+00,4.908612E+05,7.799581E+00,0.000000E+00,0.000000E+00,7.799581E+00,3.409302E+05,7.799581E+00,0.000000E+00,0.000000E+00,8.109332E+00,4.824049E+05,7.799581E+00,0.000000E+00,0.000000E+00
03:10:00,7.799581E+00,1.311014E+05,7.971392E+00,8.388600E+04,2.162407E+05,7.799581E+00,1.655863E+05,7.860116E+00,4.796245E+04,1.586777E+05,7.799581E+00,1.459926E+05,7.924310E+00,6.826119E+04,2.288623E+05,7.799581E+00,1.475601E+05,7.918913E+00,6.662323E+04,2.229332E+05,8.141465E+00,4.908612E+05,7.799581E+00,0.000000E+00,0.000000E+00,7.799581E+00,3.409302E+05,7.799581E+00,0.000000E+00,0.000000E+00,8.109332E+00,4.824049E+05,7.799581E+00,0.000000E+00,0.000000E+00
03:20:00,7.799581E+00,1.315129E+05,7.967986E+00,8.342980E+04,2.157163E+05,7.799581E+00,1.659978E+05,7.856683E+00,4.752703E+04,1.572478E+05,7.799581E+00,1.464041E+05,7.920876E+00,6.781375E+04,2.272426E+05,7.799581E+00,1.479716E+05,7.915485E+00,6.617681E+04,2.213299E+05,8.141465E+00,4.908612E+05,7.799581E+00,0.000000E+00,0.000000E+00,7.799581E+00,3.409302E+05,7.799581E+00,0.000000E+00,0.000000E+00,8.109332E+00,4.824049E+05,7.799581E+00,0.000000E+00,0.000000E+00
03:30:00,7.799581E+00,1.319243E+05,7.964626E+00,8.297445E+04,2.151936E+05,7.799581E+00,1.664092E+05,7.853297E+00,4.709225E+04,1.558229E+05,7.799581E+00,1.468155E+05,7.917491E+00,6.736708E+04,2.256289E+05,7.799581E+00,1.483830E+05,7.912104E+00,6.573114E+04,2.197324E+05,8.141465E+00,4.908612E+05,7.799581E+00,0.000000E+00,0.000000E+00,7.799581E+00,3.409302E+05,7.799581E+00,0.000000E+00,0.000000E+00,8.109332E+00,4.824049E+05,7.799581E+00,0.000000E+00,0.000000E+00
03:40:00,7.799581E+00,1.323358E+05,7.961309E+00,8.251989E+04,2.146724E+05,7.799581E+00,1.668207E+05,7.849955E+00,4.665808E+04,1.544029E+05,7.799581E+00,1.472270E+05,7.914149E+00,6.692113E+04,2.240211E+05,7.799581E+00,1.487945E+05,7.908767E+00,6.528618E+04,2.181407E+05,8.141465E+00,4.908612E+05,7.799581E+00,0.000000E+00,0.000000E+00,7.799581E+00,3.409302E+05,7.799581E+00,0.000000E+00,0.000000E+00,8.109332E+00,4.824049E+05,7.799581E+00,0.000000E+00,0.000000E+00
03:50:00,7.799581E+00,1.327473E+05,7.958033E+00,8.206611E+04,2.141527E+05,7.799581E+00,1.672322E+05,7.846653E+00,4.622451E+04,1.529878E+05,7.799581E+00,1.476385E+05,7.910848E+00,6.647588E+04,2.224191E+05,7.799581E+00,1.492060E+05,7.905470E+00,6.484192E+04,2.165547E+05,8.141465E+00,4.908612E+05,7.799581E+00,0.000000E+00,0.000000E+00,7.799581E+00,3.409302E+05,7.799581E+00,0.000000E+00,0.000000E+00,8.109332E+00,4.824049E+05,7.799581E+00,0.000000E+00,0.000000E+00
04:00:00,7.799581E+00,1.331587E+05,7.954794E+00,8.161305E+04,2.136342E+05,7.799581E+00,1.676436E+05,7.843390E+00,4.579150E+04,1.515774E+05,7.799581E+00,1.480499E+05,7.907586E+00,6.603131E+04,2.208226E+05,7.799581E+00,1.496174E+05,7.902212E+00,6.439831E+04,2.149742E+05,8.141465E+00,4.908612E+05,7.799581E+00,0.000000E+00,0.000000E+00,7.799581E+00,3.409302E+05,7.799581E+00,0.000000E+00,0.000000E+00,8.109332E+00,4.824049E+05,7.799581E+00,0.000000E+00,0.000000E+00
04:10:00,7.799581E+00,1.334330E+05,7.951633E+00,8.130096E+04,2.132619E+05,7.799581E+00,1.679179E+05,7.840207E+00,4.549718E+04,1.506200E+05,7.799581E+00,1.483242E+05,7.904403E+00,6.572673E+04,2.197328E+05,7.799581E+00,1.498917E+05,7.899033E+00,6.409460E+04,2.138958E+05,8.141465E+00,4.908612E+05,7.799581E+00,0.000000E+00,0.000000E+00,7.799581E+00,3.409302E+05,7.799581E+00,0.000000E+00,0.000000E+00,8.109332E+00,4.824049E+05,7.799581E+00,0.000000E+00,0.000000E+00
04:20:00,7.799581E+00,1.337073E+05,7.948550E+00,8.098989E+04,2.128919E+05,7.799581E+00,1.681922E+05,7.837103E+00,4.520354E+04,1.496661E+05,7.799581E+00,1.485986E+05,7.901299E+00,6.542303E+04,2.186475E+05,7.799581E+00,1.501660E+05,7.895934E+00,6.379175E+04,2.128218E+05,8.141465E+00,4.908612E+05,7.799581E+00,0.000000E+00,0.000000E+00,7.799581E+00,3.409302E+05,7.799581E+00,0.000000E+00,0.000000E+00,8.109332E+00,4.824049E+05,7.799581E+00,0.000000E+00,0.000000E+00
04:30:00,7.799581E+00,1.339817E+05,7.945548E+00,8.067986E+04,2.125244E+05,7.799581E+00,1.684666E+05,7.834081E+00,4.491058E+04,1.487157E+05,7.799581E+00,1.488729E+05,7.898277E+00,6.512022E+04,2.175666E+05,7.799581E+00,1.504404E+05,7.892916E+00,6.348977E+04,2.117521E+05,8.141465E+00,4.908612E+05,7.799581E+00,0.000000E+00,0.000000E+00,7.799581E+00,3.409302E+05,7.799581E+00,0.000000E+00,0.000000E+00,8.109332E+00,4.824049E+05,7.799581E+00,0.000000E+00,0.000000E+00
04:40:00,7.799581E+00,1.342560E+05,7.942637E+00,8.037095E+04,2.121594E+05,7.799581E+00,1.687409E+05,7.831152E+00,4.461836E+04,1.477690E+05,7.799581E+00,1.491472E+05,7.895347E+00,6.481839E+04,2.164905E+05,7.799581E+00,1.507147E+05,7.889990E+00,6.318874E+04,2.106871E+05,8.141465E+00,4.908612E+05,7.799581E+00,0.000000E+00,0.000000E+00,7.799581E+00,3.409302E+05,7.799581E+00,0.000000E+00,0.000000E+00,8.109332E+00,4.824049E+05,7.799581E+00,0.000000E+00,0.000000E+00
04:50:00,7.799581E+00,1.345303E+05,7.939879E+00,8.006380E+04,2.117988E+05,7.799581E+00,1.690152E+05,7.828374E+00,4.432721E+04,1.468271E+05,7.799581E+00,1.494215E+05,7.892570E+00,6.451801E+04,2.154207E+05,7.799581E+00,1.509890E+05,7.887217E+00,6.288914E+04,2.096284E+05,8.141465E+00,4.908612E+05,7.799581E+00,0.000000E+00,0.000000E+00,7.799581E+00,3.409302E+05,7.799581E+00,0.000000E+00,0.000000E+00,8.109332E+00,4.824049E+05,7.799581E+00,0.000000E+00,0.000000E+00
05:00:00,7.799581E+00,1.348046E+05,7.937371E+00,7.975936E+04,2.114449E+05,7.799581E+00,1.692895E+05,7.825841E+00,4.403763E+04,1.458916E+05,7.799581E+00,1.496958E+05,7.890041E+00,6.421984E+04,2.143599E+05,7.799581E+00,1.512633E+05,7.884691E+00,6.259170E+04,2.085783E+05,8.141465E+00,4.908612E+05,7.799581E+00,0.000000E+00,0.000000E+00,7.799581E+00,3.409302E+05,7.799581E+00,0.000000E+00,0.000000E+00,8.109332E+00,4.824049E+05,7.799581E+00,0.000000E+00,0.000000E+00
05:10:00,7.799581E+00,1.345303E+05,7.935356E+00,8.001820E+04,2.116781E+05,7.799581E+00,1.690152E+05,7.823796E+00,4.430129E+04,1.467412E+05,7.799581E+00,1.494215E+05,7.888004E+00,6.448068E+04,2.152961E+05,7.799581E+00,1.509890E+05,7.882657E+00,6.285278E+04,2.095072E+05,8.141465E+00,4.908612E+05,7.799581E+00,0.000000E+00,0.000000E+00,7.799581E+00,3.409302E+05,7.799581E+00,0.000000E+00,0.000000E+00,8.109332E+00,4.824049E+05,7.799581E+00,0.000000E+00,0.000000E+00
05:20:00,7.799581E+00,1.342560E+05,7.933970E+00,8.028325E+04,2.119279E+05,7.799581E+00,1.687409E+05,7.822373E+00,4.456835E+04,1.476033E+05,7.799581E+00,1.491472E+05,7.886593E+00,6.474652E+04,2.162505E+05,7.799581E+00,1.507147E+05,7.881248E+00,6.311874E+04,2.104537E+05,8.141465E+00,4.908612E+05,7.799581E+00,0.000000E+00,0.000000E+00,7.799581E+00,3.409302E+05,7.799581E+00,0.000000E+00,0.000000E+00,8.109332E+00,4.824049E+05,7.799581E+00,0.000000E+00,0.000000E+00
05:30:00,7.799581E+00,1.339817E+05,7.933352E+00,8.055602E+04,2.121982E+05,7.799581E+00,1.684666E+05,7.821708E+00,4.483965E+04,1.484808E+05,7.799581E+00,1.488729E+05,7.885947E+00,6.501857E+04,2.172270E+05,7.799581E+00,1.504404E+05,7.880605E+00,6.339074E+04,2.114218E+05,8.141465E+00,4.908612E+05,7.799581E+00,0.000000E+00,0.000000E+00,7.799581E+00,3.409302E+05,7.799581E+00,0.000000E+00,0.000000E+00,8.109332E+00,4.824049E+05,7.799581E+00,0.000000E+00,0.000000E+00
05:40:00,7.799581E+00,1.337073E+05,7.933623E+00,8.083779E+04,2.124921E+05,7.799581E+00,1.681922E+05,7.821921E+00,4.511597E+04,1.493761E+05,7.799581E+00,1.485986E+05,7.886187E+00,6.529790E+04,2.182293E+05,7.799581E+00,1.501660E+05,7.880845E+00,6.366985E+04,2.124151E+05,8.141465E+00,4.908612E+05,7.799581E+00,0.000000E+00,0.000000E+00,7.799581E+00,3.409302E+05,7.799581E+00,0.000000E+00,0.000000E+00,8.109332E+00,4.824049E+05,7.799581E+00,0.000000E+00,0.000000E+00
05:50:00,7.799581E+00,1.334330E+05,7.934837E+00,8.112923E+04,2.128114E+05,7.799581E+00,1.679179E+05,7.823069E+00,4.539773E+04,1.502907E+05,7.799581E+00,1.483242E+05,7.887368E+00,6.558508E+04,2.192593E+05,7.799581E+00,1.498917E+05,7.882027E+00,6.395660E+04,2.134353E+05,8.141465E+00,4.908612E+05,7.799581E+00,0.000000E+00,0.000000E+00,7.799581E+00,3.409302E+05,7.799581E+00,0.000000E+00,0.000000E+00,8.109332E+00,4.824049E+05,7.799581E+00,0.000000E+00,0.000000E+00
06:00:00,7.799581E+00,1.331587E+05,7.937005E+00,8.143054E+04,2.131564E+05,7.799581E+00,1.676436E+05,7.825165E+00,4.568510E+04,1.512252E+05,7.799581E+00,1.480499E+05,7.889502E+00,6.588030E+04,2.203176E+05,7.799581E+00,1.496174E+05,7.884161E+00,6.425121E+04,2.144832E+05,8.141465E+00,4.908612E+05,7.799581E+00,0.000000E+00,0.000000E+00,7.799581E+00,3.409302E+05,7.799581E+00,0.000000E+00,0.000000E+00,8.109332E+00,4.824049E+05,7.799581E+00,0.000000E+00,0.000000E+00
06:10:00,7.799581E+00,1.321986E+05,7.940148E+00,8.244018E+04,2.142453E+05,7.799581E+00,1.666835E+05,7.828236E+00,4.666665E+04,1.544254E+05,7.799581E+00,1.470898E+05,7.892615E+00,6.687784E+04,2.239140E+05,7.799581E+00,1.486573E+05,7.887273E+00,6.524745E+04,2.180458E+05,8.141465E+00,4.908612E+05,7.799581E+00,0.000000E+00,0.000000E+00,7.799581E+00,3.409302E+05,7.799581E+00,0.000000E+00,0.000000E+00,8.109332E+00,4.824049E+05,7.799581E+00,0.000000E+00,0.000000E+00
06:20:00,7.799581E+00,1.312385E+05,7.944227E+00,8.346043E+04,2.153602E+05,7.799581E+00,1.657234E+05,7.832246E+00,4.765466E+04,1.576626E+05,7.799581E+00,1.461297E+05,7.896668E+00,6.788422E+04,2.275583E+05,7.799581E+00,1.476972E+05,7.891325E+00,6.625236E+04,2.216554E+05,8.141465E+00,4.908612E+05,7.799581E+00,0.000000E+00,0.000000E+00,7.799581E+00,3.409302E+05,7.799581E+00,0.000000E+00,0.000000E+00,8.109332E+00,4.824049E+05,7.799581E+00,0.000000E+00,0.000000E+00
06:30:00,7.799581E+00,1.302785E+05,7.949192E+00,8.449110E+04,2.165004E+05,7.799581E+00,1.647633E+05,7.837148E+00,4.864921E+04,1.609371E+05,7.799581E+00,1.451697E+05,7.901615E+00,6.889940E+04,2.312505E+05,7.799581E+00,1.467372E+05,7.896271E+00,6.726587E+04,2.253120E+05,8.141465E+00,4.908612E+05,7.799581E+00,0.000000E+00,0.000000E+00,7.799581E+00,3.409302E+05,7.799581E+00,0.000000E+00,0.000000E+00,8.109332E+00,4.824049E+05,7.799581E+00,0.000000E+00,0.000000E+00
06:40:00,7.799581E+00,1.293184E+05,7.993340E+00,8.594429E+04,2.187139E+05,7.799581E+00,1.638033E+05,7.842903E+00,4.965036E+04,1.642493E+05,7.799581E+00,1.442096E+05,7.907412E+00,6.992331E+04,2.349907E+05,7.799581E+00,1.457771E+05,7.902067E+00,6.828796E+04,2.290158E+05,8.141465E+00,4.908612E+05,7.799581E+00,0.000000E+00,0.000000E+00,7.799581E+00,3.409302E+05,7.799581E+00,0.000000E+00,0.000000E+00,8.109332E+00,4.824049E+05,7.799581E+00,0.000000E+00,0.000000E+00
06:50:00,7.799581E+00,1.283583E+05,8.052814E+00,8.757501E+04,2.213600E+05,7.799581E+00,1.628432E+05,7.849467E+00,5.065814E+04,1.675995E+05,7.799581E+00,1.432495E+05,7.937769E+00,7.116885E+04,2.394954E+05,7.799581E+00,1.448170E+05,7.925713E+00,6.946791E+04,2.332683E+05,8.141465E+00,4.908612E+05,7.799581E+00,0.000000E+00,0.000000E+00,7.799581E+00,3.409302E+05,7.799581E+00,0.000000E+00,0.000000E+00,8.109332E+00,4.824049E+05,7.799581E+00,0.000000E+00,0.000000E+00
07:00:00,7.799581E+00,1.273982E+05,8.120890E+00,8.931499E+04,2.242586E+05,7.799581E+00,1.618831E+05,7.856782E+00,5.167248E+04,1.709875E+05,7.799581E+00,1.422894E+05,7.988551E+00,7.260751E+04,2.446720E+05,7.799581E+00,1.438569E+05,7.976475E+00,7.089470E+04,2.383708E+05,8.141465E+00,4.908612E+05,7.799581E+00,0.000000E+00,0.000000E+00,7.799581E+00,3.409302E+05,7.799581E+00,0.000000E+00,0.000000E+00,8.109332E+00,4.824049E+05,7.799581E+00,0.000000E+00,0.000000E+00
07:10:00,7.799581E+00,1.250665E+05,8.188986E+00,9.251198E+04,2.286549E+05,7.799581E+00,1.595514E+05,7.906404E+00,5.436242E+04,1.800337E+05,7.799581E+00,1.399577E+05,8.044589E+00,7.552173E+04,2.553802E+05,7.799581E+00,1.415252E+05,8.033177E+00,7.380015E+04,2.489692E+05,8.141465E+00,4.908612E+05,7.799581E+00,0.000000E+00,0.000000E+00,7.799581E+00,3.409302E+05,7.799581E+00,0.000000E+00,0.000000E+00,8.109332E+00,4.824049E+05,7.799581E+00,0.000000E+00,0.000000E+00
07:20:00,7.799581E+00,1.227349E+05,8.255377E+00,9.572991E+04,2.330448E+05,7.799581E+00,1.572198E+05,7.968479E+00,5.717137E+04,1.895745E+05,7.799581E+00,1.376261E+05,8.098366E+00,7.844755E+04,2.662536E+05,7.799581E+00,1.391936E+05,8.087620E+00,7.671807E+04,2.597337E+05,8.141465E+00,4.908612E+05,7.799581E+00,0.000000E+00,0.000000E+00,7.799581E+00,3.409302E+05,7.799581E+00,0.000000E+00,0.000000E+00,8.109332E+00,4.824049E+05,7.799581E+00,0.000000E+00,0.000000E+00
07:30:00,7.799581E+00,1.204032E+05,8.318672E+00,9.895072E+04,2.373872E+05,7.799581E+00,1.548881E+05,8.027451E+00,5.999425E+04,1.992657E+05,7.799581E+00,1.352944E+05,8.161149E+00,8.149546E+04,2.776720E+05,7.799581E+00,1.368619E+05,8.143458E+00,7.968219E+04,2.707822E+05,8.141465E+00,4.908612E+05,7.799581E+00,0.000000E+00,0.000000E+00,7.799581E+00,3.409302E+05,7.799581E+00,0.000000E+00,0.000000E+00,8.109332E+00,4.824049E+05,7.799581E+00,0.000000E+00,0.000000E+00
07:40:00,7.799581E+00,1.180716E+05,8.379416E+00,1.021783E+05,2.416949E+05,7.799581E+00,1.525565E+05,8.083567E+00,6.283018E+04,2.091080E+05,7.799581E+00,1.329628E+05,8.232304E+00,8.466701E+04,2.896487E+05,7.799581E+00,1.345303E+05,8.215683E+00,8.284494E+04,2.826395E+05,8.141465E+00,4.908612E+05,7.799581E+00,0.000000E+00,0.000000E+00,7.799581E+00,3.409302E+05,7.799581E+00,0.000000E+00,0.000000E+00,8.109332E+00,4.824049E+05,7.799581E+00,0.000000E+00,0.000000E+00
07:50:00,7.799581E+00,1.157399E+05,8.438319E+00,1.054191E+05,2.459863E+05,7.799581E+00,1.502248E+05,8.137000E+00,6.567801E+04,2.191008E+05,7.799581E+00,1.306311E+05,8.301639E+00,8.786184E+04,3.018471E+05,7.799581E+00,1.321986E+05,8.286089E+00,8.603198E+04,2.947197E+05,8.141465E+00,4.908612E+05,7.799581E+00,0.000000E+00,0.000000E+00,7.799581E+00,3.409302E+05,7.799581E+00,0.000000E+00,0.000000E+00,8.109332E+00,4.824049E+05,7.799581E+00,0.000000E+00,0.000000E+00
08:00:00,7.799581E+00,1.134083E+05,8.495849E+00,1.086776E+05,2.502734E+05,7.799581E+00,1.478932E+05,8.196615E+00,6.860953E+04,2.294876E+05,7.799581E+00,1.282995E+05,8.369695E+00,9.108419E+04,3.142863E+05,7.799581E+00,1.298670E+05,8.355214E+00,8.924744E+04,3.070412E+05,8.141465E+00,4.908612E+05,7.799581E+00,0.000000E+00,0.000000E+00,7.799581E+00,3.409302E+05,7.799581E+00,0.000000E+00,0.000000E+00,8.109332E+00,4.824049E+05,7.799581E+00,0.000000E+00,0.000000E+00
08:10:00,7.799581E+00,1.108023E+05,8.877287E+00,1.165230E+05,2.645579E+05,7.799581E+00,1.452872E+05,8.562865E+00,7.453621E+04,2.501307E+05,7.799581E+00,1.256935E+05,8.737341E+00,9.800443E+04,3.398757E+05,7.799581E+00,1.272610E+05,8.722754E+00,9.608779E+04,3.265126E+05,8.141465E+00,4.908612E+05,7.799581E+00,0.000000E+00,0.000000E+00,7.799581E+00,3.409302E+05,7.799581E+00,0.000000E+00,0.000000E+00,8.109332E+00,4.824049E+05,7.799581E+00,0.000000E+00,0.000000E+00
08:20:00,7.799581E+00,1.081964E+05,9.400897E+00,1.265368E+05,2.833903E+05,7.799581E+00,1.426813E+05,9.029027E+00,8.161070E+04,2.748557E+05,7.799581E+00,1.230876E+05,9.245058E+00,1.067883E+05,3.722738E+05,7.799581E+00,1.246551E+05,9.226998E+00,1.047253E+05,3.485775E+05,8.141465E+00,4.908612E+05,7.799581E+00,0.000000E+00,0.000000E+00,7.799581E+00,3.409302E+05,7.799581E+00,0.000000E+00,0.000000E+00,8.109332E+00,4.824049E+05,7.799581E+00,0.000000E+00,0.000000E+00
08:30:00,7.799581E+00,1.055904E+05,1.015157E+01,1.400327E+05,3.095049E+05,7.799581E+00,1.400753E+05,9.687413E+00,9.079836E+04,3.069834E+05,7.799581E+00,1.204816E+05,9.957557E+00,1.183452E+05,4.147839E+05,7.799581E+00,1.220491E+05,9.934681E+00,1.160767E+05,3.787472E+05,8.141465E+00,4.908612E+05,7.799581E+00,0.000000E+00,0.000000E+00,7.799581E+00,3.409302E+05,7.799581E+00,0.000000E+00,0.000000E+00,8.109332E+00,4.824049E+05,7.799581E+00,0.000000E+00,0.000000E+00
08:40:00,7.799581E+00,1.029844E+05,1.100131E+01,1.554299E+05,3.391894E+05,7.799581E+00,1.374693E+05,1.053333E+01,1.022464E+05,3.471160E+05,7.799581E+00,1.178756E+05,1.080635E+01,1.320437E+05,4.653553E+05,7.799581E+00,1.194431E+05,1.078306E+01,1.295919E+05,4.148186E+05,8.141465E+00,4.908612E+05,7.799581E+00,0.000000E+00,0.000000E+00,7.799581E+00,3.409302E+05,7.799581E+00,0.000000E+00,0.000000E+00,8.109332E+00,4.824049E+05,7.799581E+00,0.000000E+00,0.000000E+00
08:50:00,7.799581E+00,1.003785E+05,1.193974E+01,1.726776E+05,3.722224E+05,7.799581E+00,1.348634E+05,1.142790E+01,1.147481E+05,3.912585E+05,7.799581E+00,1.152697E+05,1.172695E+01,1.472108E+05,5.217504E+05,7.799581E+00,1.168372E+05,1.170106E+01,1.445341E+05,4.541791E+05,8.141465E+00,4.908612E+05,7.799581E+00,0.000000E+00,0.000000E+00,7.799581E+00,3.409302E+05,7.799581E+00,0.000000E+00,0.000000E+00,8.109332E+00,4.824049E+05,7.799581E+00,0.000000E+00,0.000000E+00
09:00:00,7.799581E+00,9.777252E+04,1.295926E+01,1.917522E+05,4.084558E+05,7.799581E+00,1.322574E+05,1.244340E+01,1.291023E+05,4.422191E+05,7.799581E+00,1.126637E+05,1.274548E+01,1.642550E+05,5.855374E+05,7.799581E+00,1.142312E+05,1.271895E+01,1.613569E+05,4.980860E+05,8.141465E+00,4.908612E+05,7.799581E+00,0.000000E+00,0.000000E+00,7.799581E+00,3.409302E+05,7.799581E+00,0.000000E+00,0.000000E+00,8.109332E+00,4.824049E+05,7.799581E+00,0.000000E+00,0.000000E+00
09:10:00,7.799581E+00,9.544087E+04,1.314674E+01,1.984564E+05,4.184038E+05,7.799581E+00,1.299258E+05,1.262915E+01,1.348049E+05,4.637236E+05,7.799581E+00,1.103321E+05,1.293280E+01,1.705352E+05,6.111447E+05,7.799581E+00,1.118996E+05,1.290567E+01,1.675838E+05,5.093905E+05,8.141465E+00,4.908612E+05,7.799581E+00,0.000000E+00,0.000000E+00,7.799581E+00,3.409302E+05,7.799581E+00,0.000000E+00,0.000000E+00,8.109332E+00,4.824049E+05,7.799581E+00,0.000000E+00,0.000000E+00
09:20:00,7.799581E+00,9.310922E+04,1.329913E+01,2.047325E+05,4.273393E+05,7.799581E+00,1.275941E+05,1.278069E+01,1.402432E+05,4.845627E+05,7.799581E+00,1.080004E+05,1.308548E+01,1.764603E+05,6.357874E+05,7.799581E+00,1.095679E+05,1.305773E+01,1.734619E+05,5.194318E+05,8.141465E+00,4.908612E+05,7.799581E+00,0.000000E+00,0.000000E+00,7.799581E+00,3.409302E+05,7.799581E+00,0.000000E+00,0.000000E+00,8.109332E+00,4.824049E+05,7.799581E+00,0.000000E+00,0.000000E+00
09:30:00,7.799581E+00,9.077757E+04,1.343520E+01,2.108437E+05,4.358391E+05,7.799581E+00,1.252625E+05,1.291631E+01,1.455926E+05,4.968117E+05,7.799581E+00,1.056688E+05,1.322193E+01,1.822530E+05,6.602582E+05,7.799581E+00,1.072363E+05,1.319355E+01,1.792104E+05,5.289162E+05,8.141465E+00,4.908612E+05,7.799581E+00,0.000000E+00,0.000000E+00,7.799581E+00,3.409302E+05,7.799581E+00,0.000000E+00,0.000000E+00,8.109332E+00,4.824049E+05,7.799581E+00,0.000000E+00,0.000000E+00
09:40:00,7.799581E+00,8.844592E+04,1.355805E+01,2.168247E+05,4.439896E+05,7.799581E+00,1.229308E+05,1.303896E+01,1.508731E+05,5.055652E+05,7.799581E+00,1.033371E+05,1.334524E+01,1.879422E+05,6.846606E+05,7.799581E+00,1.049046E+05,1.331622E+01,1.848574E+05,5.379532E+05,8.141465E+00,4.908612E+05,7.799581E+00,0.000000E+00,0.000000E+00,7.799581E+00,3.409302E+05,7.799581E+00,0.000000E+00,0.000000E+00,8.109332E+00,4.824049E+05,7.799581E+00,0.000000E+00,0.000000E+00
09:50:00,7.799581E+00,8.611427E+04,1.366944E+01,2.226926E+05,4.518370E+05,7.799581E+00,1.205992E+05,1.315043E+01,1.560942E+05,5.139574E+05,7.799581E+00,1.010055E+05,1.345724E+01,1.935426E+05,7.090478E+05,7.799581E+00,1.025730E+05,1.342758E+01,1.904174E+05,5.466056E+05,8.141465E+00,4.908612E+05,7.799581E+00,0.000000E+00,0.000000E+00,7.799581E+00,3.409302E+05,7.799581E+00,0.000000E+00,0.000000E+00,8.109332E+00,4.824049E+05,7.799581E+00,0.000000E+00,0.000000E+00
10:00:00,7.799581E+00,8.378262E+04,1.377085E+01,2.284613E+05,4.594195E+05,7.799581E+00,1.182675E+05,1.325184E+01,1.612594E+05,5.220223E+05,7.799581E+00,9.867383E+04,1.355908E+01,1.990607E+05,7.334445E+05,7.799581E+00,1.002413E+05,1.352875E+01,1.958965E+05,5.549091E+05,8.141465E+00,4.908612E+05,7.799581E+00,0.000000E+00,0.000000E+00,7.799581E+00,3.409302E+05,7.799581E+00,0.000000E+00,0.000000E+00,8.109332E+00,4.824049E+05,7.799581E+00,0.000000E+00,0.000000E+00
10:10:00,7.799581E+00,8.172529E+04,1.386303E+01,2.336475E+05,4.662528E+05,7.799581E+00,1.162102E+05,1.334380E+01,1.658983E+05,5.292891E+05,7.799581E+00,9.661649E+04,1.365172E+01,2.040216E+05,7.555731E+05,7.799581E+00,9.818399E+04,1.362068E+01,2.008205E+05,5.623975E+05,8.141465E+00,4.908612E+05,7.799581E+00,0.000000E+00,0.000000E+00,7.799581E+00,3.409302E+05,7.799581E+00,0.000000E+00,0.000000E+00,8.109332E+00,4.824049E+05,7.799581E+00,0.000000E+00,0.000000E+00
10:20:00,7.799581E+00,7.966795E+04,1.394655E+01,2.387338E+05,4.728422E+05,7.799581E+00,1.141528E+05,1.342695E+01,1.704737E+05,5.362542E+05,7.799581E+00,9.455915E+04,1.373570E+01,2.088999E+05,7.776467E+05,7.799581E+00,9.612665E+04,1.370395E+01,2.056629E+05,5.695761E+05,8.141465E+00,4.908612E+05,7.799581E+00,0.000000E+00,0.000000E+00,7.799581E+00,3.409302E+05,7.799581E+00,0.000000E+00,0.000000E+00,8.109332E+00,4.824049E+05,7.799581E+00,0.000000E+00,0.000000E+00
10:30:00,7.799581E+00,7.761061E+04,1.402191E+01,2.437225E+05,4.791981E+05,7.799581E+00,1.120955E+05,1.350189E+01,1.749867E+05,5.429344E+05,7.799581E+00,9.250182E+04,1.381152E+01,2.136961E+05,7.996666E+05,7.799581E+00,9.406931E+04,1.377904E+01,2.104244E+05,5.764582E+05,8.141465E+00,4.908612E+05,7.799581E+00,0.000000E+00,0.000000E+00,7.799581E+00,3.409302E+05,7.799581E+00,0.000000E+00,0.000000E+00,8.109332E+00,4.824049E+05,7.799581E+00,0.000000E+00,0.000000E+00
10:40:00,7.799581E+00,7.555327E+04,1.408963E+01,2.486159E+05,4.853315E+05,7.799581E+00,1.100382E+05,1.356911E+01,1.794371E+05,5.493433E+05,7.799581E+00,9.044448E+04,1.387967E+01,2.184116E+05,8.216374E+05,7.799581E+00,9.201197E+04,1.384646E+01,2.151063E+05,5.830580E+05,8.141465E+00,4.908612E+05,7.799581E+00,0.000000E+00,0.000000E+00,7.799581E+00,3.409302E+05,7.799581E+00,0.000000E+00,0.000000E+00,8.109332E+00,4.824049E+05,7.799581E+00,0.000000E+00,0.000000E+00
10:50:00,7.799581E+00,7.349593E+04,1.415026E+01,2.534184E+05,4.912560E+05,7.799581E+00,1.079808E+05,1.362918E+01,1.838265E+05,5.554973E+05,7.799581E+00,8.838714E+04,1.394071E+01,2.230495E+05,8.435694E+05,7.799581E+00,8.995464E+04,1.390676E+01,2.197114E+05,5.893931E+05,8.141465E+00,4.908612E+05,7.799581E+00,0.000000E+00,0.000000E+00,7.799581E+00,3.409302E+05,7.799581E+00,0.000000E+00,0.000000E+00,8.109332E+00,4.824049E+05,7.799581E+00,0.000000E+00,0.000000E+00
11:00:00,7.799581E+00,7.143860E+04,1.420420E+01,2.581311E+05,4.969790E+05,7.799581E+00,1.059235E+05,1.368278E+01,1.881587E+05,5.614186E+05,7.799581E+00,8.632980E+04,1.399534E+01,2.276151E+05,8.654825E+05,7.799581E+00,8.789730E+04,1.396065E+01,2.242453E+05,5.954876E+05,8.141465E+00,4.908612E+05,7.799581E+00,0.000000E+00,0.000000E+00,7.799581E+00,3.409302E+05,7.799581E+00,0.000000E+00,0.000000E+00,8.109332E+00,4.824049E+05,7.799581E+00,0.000000E+00,0.000000E+00
11:10:00,7.799581E+00,7.006704E+04,1.425168E+01,2.615000E+05,5.012156E+05,7.799581E+00,1.045519E+05,1.373022E+01,1.912254E+05,5.658646E+05,7.799581E+00,8.495824E+04,1.404354E+01,2.308686E+05,8.810343E+05,7.799581E+00,8.652574E+04,1.400817E+01,2.274718E+05,6.000633E+05,8.141465E+00,4.908612E+05,7.799581E+00,0.000000E+00,0.000000E+00,7.799581E+00,3.409302E+05,7.799581E+00,0.000000E+00,0.000000E+00,8.109332E+00,4.824049E+05,7.799581E+00,0.000000E+00,0.000000E+00
11:20:00,7.799581E+00,6.869548E+04,1.429348E+01,2.647806E+05,5.052686E+05,7.799581E+00,1.031804E+05,1.377219E+01,1.942319E+05,5.701021E+05,7.799581E+00,8.358669E+04,1.408609E+01,2.340451E+05,8.964124E+05,7.799581E+00,8.515418E+04,1.405005E+01,2.306227E+05,6.044142E+05,8.141465E+00,4.908612E+05,7.799581E+00,0.000000E+00,0.000000E+00,7.799581E+00,3.409302E+05,7.799581E+00,0.000000E+00,0.000000E+00,8.109332E+00,4.824049E+05,7.799581E+00,0.000000E+00,0.000000E+00
11:30:00,7.799581E+00,6.732392E+04,1.433054E+01,2.679871E+05,5.091683E+05,7.799581E+00,1.018088E+05,1.380952E+01,1.971867E+05,5.741617E+05,7.799581E+00,8.221513E+04,1.412393E+01,2.371576E+05,9.116643E+05,7.799581E+00,8.378262E+04,1.408725E+01,2.337105E+05,6.085779E+05,8.141465E+00,4.908612E+05,7.799581E+00,0.000000E+00,0.000000E+00,7.799581E+00,3.409302E+05,7.799581E+00,0.000000E+00,0.000000E+00,8.109332E+00,4.824049E+05,7.799581E+00,0.000000E+00,0.000000E+00
11:40:00,7.799581E+00,6.595236E+04,1.436389E+01,2.711366E+05,5.129491E+05,7.799581E+00,1.004373E+05,1.384324E+01,2.001025E+05,5.780839E+05,7.799581E+00,8.084357E+04,1.415808E+01,2.402207E+05,9.268453E+05,7.799581E+00,8.241106E+04,1.412078E+01,2.367500E+05,6.125959E+05,8.141465E+00,4.908612E+05,7.799581E+00,0.000000E+00,0.000000E+00,7.799581E+00,3.409302E+05,7.799581E+00,0.000000E+00,0.000000E+00,8.109332E+00,4.824049E+05,7.799581E+00,0.000000E+00,0.000000E+00
11:50:00,7.799581E+00,6.458081E+04,1.439473E+01,2.742502E+05,5.166520E+05,7.799581E+00,9.906570E+04,1.387450E+01,2.029942E+05,5.819151E+05,7.799581E+00,7.947201E+04,1.418972E+01,2.432527E+05,9.420255E+05,7.799581E+00,8.103951E+04,1.415183E+01,2.397591E+05,6.165180E+05,8.141465E+00,4.908612E+05,7.799581E+00,0.000000E+00,0.000000E+00,7.799581E+00,3.409302E+05,7.799581E+00,0.000000E+00,0.000000E+00,8.109332E+00,4.824049E+05,7.799581E+00,0.000000E+00,0.000000E+00
12:00:00,7.799581E+00,6.320925E+04,1.442467E+01,2.773570E+05,5.203331E+05,7.799581E+00,9.769414E+04,1.390483E+01,2.058831E+05,5.857188E+05,7.799581E+00,7.810045E+04,1.422041E+01,2.462796E+05,9.573052E+05,7.799581E+00,7.966795E+04,1.418196E+01,2.427634E+05,6.204111E+05,8.141465E+00,4.908612E+05,7.799581E+00,0.000000E+00,0.000000E+00,7.799581E+00,3.409302E+05,7.799581E+00,0.000000E+00,0.000000E+00,8.109332E+00,4.824049E+05,7.799581E+00,0.000000E+00,0.000000E+00
12:10:00,7.799581E+00,6.211200E+04,1.445628E+01,2.799987E+05,5.235634E+05,7.799581E+00,9.659690E+04,1.393674E+01,2.083163E+05,5.890931E+05,7.799581E+00,7.700321E+04,1.425274E+01,2.488446E+05,9.701753E+05,7.799581E+00,7.857070E+04,1.421373E+01,2.453069E+05,6.238702E+05,8.141465E+00,4.908612E+05,7.799581E+00,0.000000E+00,0.000000E+00,7.799581E+00,3.409302E+05,7.799581E+00,0.000000E+00,0.000000E+00,8.109332E+00,4.824049E+05,7.799581E+00,0.000000E+00,0.000000E+00
12:20:00,7.799581E+00,6.101475E+04,1.449078E+01,2.827054E+05,5.269078E+05,7.799581E+00,9.549965E+04,1.397139E+01,2.107997E+05,5.925926E+05,7.799581E+00,7.590596E+04,1.428788E+01,2.514681E+05,9.833554E+05,7.799581E+00,7.747345E+04,1.424831E+01,2.479082E+05,6.274623E+05,8.141465E+00,4.908612E+05,7.799581E+00,0.000000E+00,0.000000E+00,7.799581E+00,3.409302E+05,7.799581E+00,0.000000E+00,0.000000E+00,8.109332E+00,4.824049E+05,7.799581E+00,0.000000E+00,0.000000E+00
12:30:00,7.799581E+00,5.991751E+04,1.452876E+01,2.854903E+05,5.303892E+05,7.799581E+00,9.440240E+04,1.400936E+01,2.133434E+05,5.962436E+05,7.799581E+00,7.480871E+04,1.432642E+01,2.541618E+05,9.968942E+05,7.799581E+00,7.637621E+04,1.428630E+01,2.505790E+05,6.312150E+05,8.141465E+00,4.908612E+05,7.799581E+00,0.000000E+00,0.000000E+00,7.799581E+00,3.409302E+05,7.799581E+00,0.000000E+00,0.000000E+00,8.109332E+00,4.824049E+05,7.799581E+00,0.000000E+00,0.000000E+00
12:40:00,7.799581E+00,5.882026E+04,1.457048E+01,2.883599E+05,5.340188E+05,7.799581E+00,9.330516E+04,1.405090E+01,2.159526E+05,6.000578E+05,7.799581E+00,7.371147E+04,1.436861E+01,2.569317E+05,1.010818E+06,7.799581E+00,7.527896E+04,1.432795E+01,2.533252E+05,6.351410E+05,8.141465E+00,4.908612E+05,7.799581E+00,0.000000E+00,0.000000E+00,7.799581E+00,3.409302E+05,7.799581E+00,0.000000E+00,0.000000E+00,8.109332E+00,4.824049E+05,7.799581E+00,0.000000E+00,0.000000E+00
12:50:00,7.799581E+00,5.772301E+04,1.461574E+01,2.913118E+05,5.377905E+05,7.799581E+00,9.220791E+04,1.409582E+01,2.186261E+05,6.040294E+05,7.799581E+00,7.261422E+04,1.441428E+01,2.597761E+05,1.025125E+06,7.799581E+00,7.418171E+04,1.437308E+01,2.561450E+05,6.392336E+05,8.141465E+00,4.908612E+05,7.799581E+00,0.000000E+00,0.000000E+00,7.799581E+00,3.409302E+05,7.799581E+00,0.000000E+00,0.000000E+00,8.109332E+00,4.824049E+05,7.799581E+00,0.000000E+00,0.000000E+00
13:00:00,7.799581E+00,5.662577E+04,1.466363E+01,2.943291E+05,5.416726E+05,7.799581E+00,9.111066E+04,1.414327E+01,2.213517E+05,6.081231E+05,7.799581E+00,7.151697E+04,1.446251E+01,2.626800E+05,1.039758E+06,7.799581E+00,7.308447E+04,1.442078E+01,2.590238E+05,6.434545E+05,8.141465E+00,4.908612E+05,7.799581E+00,0.000000E+00,0.000000E+00,7.799581E+00,3.409302E+05,7.799581E+00,0.000000E+00,0.000000E+00,8.109332E+00,4.824049E+05,7.799581E+00,0.000000E+00,0.000000E+00
13:10:00,7.799581E+00,5.593999E+04,1.471224E+01,2.965984E+05,5.447977E+05,7.799581E+00,9.042488E+04,1.419143E+01,2.233533E+05,6.114856E+05,7.799581E+00,7.083119E+04,1.451146E+01,2.648449E+05,1.050338E+06,7.799581E+00,7.239869E+04,1.446920E+01,2.611658E+05,6.469316E+05,8.141465E+00,4.908612E+05,7.799581E+00,0.000000E+00,0.000000E+00,7.799581E+00,3.409302E+05,7.799581E+00,0.000000E+00,0.000000E+00,8.109332E+00,4.824049E+05,7.799581E+00,0.000000E+00,0.000000E+00
13:20:00,7.799581E+00,5.525421E+04,1.476045E+01,2.988681E+05,5.479164E+05,7.799581E+00,8.973910E+04,1.423921E+01,2.253571E+05,6.148402E+05,7.799581E+00,7.014541E+04,1.455998E+01,2.670107E+05,1.060963E+06,7.799581E+00,7.171291E+04,1.451722E+01,2.633090E+05,6.503995E+05,8.141465E+00,4.908612E+05,7.799581E+00,0.000000E+00,0.000000E+00,7.799581E+00,3.409302E+05,7.799581E+00,0.000000E+00,0.000000E+00,8.109332E+00,4.824049E+05,7.799581E+00,0.000000E+00,0.000000E+00
13:30:00,7.799581E+00,5.456843E+04,1.480733E+01,3.011193E+05,5.509945E+05,7.799581E+00,8.905333E+04,1.428571E+01,2.273493E+05,6.181490E+05,7.799581E+00,6.945963E+04,1.460718E+01,2.691607E+05,1.071568E+06,7.799581E+00,7.102713E+04,1.456395E+01,2.654370E+05,6.538180E+05,8.141465E+00,4.908612E+05,7.799581E+00,0.000000E+00,0.000000E+00,7.799581E+00,3.409302E+05,7.799581E+00,0.000000E+00,0.000000E+00,8.109332E+00,4.824049E+05,7.799581E+00,0.000000E+00,0.000000E+00
13:40:00,7.799581E+00,5.388265E+04,1.485197E+01,3.033329E+05,5.539978E+05,7.799581E+00,8.836755E+04,1.433005E+01,2.293147E+05,6.213716E+05,7.799581E+00,6.877386E+04,1.465215E+01,2.712776E+05,1.082083E+06,7.799581E+00,7.034135E+04,1.460846E+01,2.675327E+05,6.571452E+05,8.141465E+00,4.908612E+05,7.799581E+00,0.000000E+00,0.000000E+00,7.799581E+00,3.409302E+05,7.799581E+00,0.000000E+00,0.000000E+00,8.109332E+00,4.824049E+05,7.799581E+00,0.000000E+00,0.000000E+00
13:50:00,7.799581E+00,5.319687E+04,1.489353E+01,3.054914E+05,5.568940E+05,7.799581E+00,8.768177E+04,1.437139E+01,2.312400E+05,6.244730E+05,7.799581E+00,6.808808E+04,1.469406E+01,2.733455E+05,1.092444E+06,7.799581E+00,6.965557E+04,1.464994E+01,2.695804E+05,6.603439E+05,8.141465E+00,4.908612E+05,7.799581E+00,0.000000E+00,0.000000E+00,7.799581E+00,3.409302E+05,7.799581E+00,0.000000E+00,0.000000E+00,8.109332E+00,4.824049E+05,7.799581E+00,0.000000E+00,0.000000E+00
14:00:00,7.799581E+00,5.251109E+04,1.493129E+01,3.075787E+05,5.596549E+05,7.799581E+00,8.699599E+04,1.440902E+01,2.331124E+05,6.274197E+05,7.799581E+00,6.740230E+04,1.473217E+01,2.753498E+05,1.102591E+06,7.799581E+00,6.896979E+04,1.468765E+01,2.715657E+05,6.633802E+05,8.141465E+00,4.908612E+05,7.799581E+00,0.000000E+00,0.000000E+00,7.799581E+00,3.409302E+05,7.799581E+00,0.000000E+00,0.000000E+00,8.109332E+00,4.824049E+05,7.799581E+00,0.000000E+00,0.000000E+00
14:10:00,7.799581E+00,5.251109E+04,1.496423E+01,3.082572E+05,5.608894E+05,7.799581E+00,8.699599E+04,1.444194E+01,2.336449E+05,6.288528E+05,7.799581E+00,6.740230E+04,1.476547E+01,2.759721E+05,1.105083E+06,7.799581E+00,6.896979E+04,1.472058E+01,2.721747E+05,6.648677E+05,8.141465E+00,4.908612E+05,7.799581E+00,0.000000E+00,0.000000E+00,7.799581E+00,3.409302E+05,7.799581E+00,0.000000E+00,0.000000E+00,8.109332E+00,4.824049E+05,7.799581E+00,0.000000E+00,0.000000E+00
14:20:00,7.799581E+00,5.251109E+04,1.499171E+01,3.088233E+05,5.619196E+05,7.799581E+00,8.699599E+04,1.446950E+01,2.340909E+05,6.300532E+05,7.799581E+00,6.740230E+04,1.479333E+01,2.764928E+05,1.107168E+06,7.799581E+00,6.896979E+04,1.474811E+01,2.726837E+05,6.661111E+05,8.141465E+00,4.908612E+05,7.799581E+00,0.000000E+00,0.000000E+00,7.799581E+00,3.409302E+05,7.799581E+00,0.000000E+00,0.000000E+00,8.109332E+00,4.824049E+05,7.799581E+00,0.000000E+00,0.000000E+00
14:30:00,7.799581E+00,5.251109E+04,1.501326E+01,3.092672E+05,5.627272E+05,7.799581E+00,8.699599E+04,1.449124E+01,2.344425E+05,6.309995E+05,7.799581E+00,6.740230E+04,1.481525E+01,2.769026E+05,1.108809E+06,7.799581E+00,6.896979E+04,1.476975E+01,2.730838E+05,6.670885E+05,8.141465E+00,4.908612E+05,7.799581E+00,0.000000E+00,0.000000E+00,7.799581E+00,3.409302E+05,7.799581E+00,0.000000E+00,0.000000E+00,8.109332E+00,4.824049E+05,7.799581E+00,0.000000E+00,0.000000E+00
14:40:00,7.799581E+00,5.251109E+04,1.502856E+01,3.095823E+05,5.633005E+05,7.799581E+00,8.699599E+04,1.450683E+01,2.346948E+05,6.316786E+05,7.799581E+00,6.740230E+04,1.483093E+01,2.771956E+05,1.109983E+06,7.799581E+00,6.896979E+04,1.478519E+01,2.733692E+05,6.677858E+05,8.141465E+00,4.908612E+05,7.799581E+00,0.000000E+00,0.000000E+00,7.799581E+00,3.409302E+05,7.799581E+00,0.000000E+00,0.000000E+00,8.109332E+00,4.824049E+05,7.799581E+00,0.000000E+00,0.000000E+00
14:50:00,7.799581E+00,5.251109E+04,1.503740E+01,3.097643E+05,5.636319E+05,7.799581E+00,8.699599E+04,1.451608E+01,2.348443E+05,6.320811E+05,7.799581E+00,6.740230E+04,1.484016E+01,2.773681E+05,1.110673E+06,7.799581E+00,6.896979E+04,1.479422E+01,2.735362E+05,6.681936E+05,8.141465E+00,4.908612E+05,7.799581E+00,0.000000E+00,0.000000E+00,7.799581E+00,3.409302E+05,7.799581E+00,0.000000E+00,0.000000E+00,8.109332E+00,4.824049E+05,7.799581E+00,0.000000E+00,0.000000E+00
15:00:00,7.799581E+00,5.251109E+04,1.503973E+01,3.098124E+05,5.637193E+05,7.799581E+00,8.699599E+04,1.451892E+01,2.348902E+05,6.322047E+05,7.799581E+00,6.740230E+04,1.484288E+01,2.774189E+05,1.110877E+06,7.799581E+00,6.896979E+04,1.479678E+01,2.735836E+05,6.683095E+05,8.141465E+00,4.908612E+05,7.799581E+00,0.000000E+00,0.000000E+00,7.799581E+00,3.409302E+05,7.799581E+00,0.000000E+00,0.000000E+00,8.109332E+00,4.824049E+05,7.799581E+00,0.000000E+00,0.000000E+00
15:10:00,7.799581E+00,5.333403E+04,1.503535E+01,3.081358E+05,5.619246E+05,7.799581E+00,8.781892E+04,1.451515E+01,2.332979E+05,6.304554E+05,7.799581E+00,6.822523E+04,1.483888E+01,2.757786E+05,1.101741E+06,7.799581E+00,6.979273E+04,1.479269E+01,2.719471E+05,6.665092E+05,8.141465E+00,4.908612E+05,7.799581E+00,0.000000E+00,0.000000E+00,7.799581E+00,3.409302E+05,7.799581E+00,0.000000E+00,0.000000E+00,8.109332E+00,4.824049E+05,7.799581E+00,0.000000E+00,0.000000E+00
15:20:00,7.799581E+00,5.415696E+04,1.536248E+01,3.132191E+05,5.724852E+05,7.799581E+00,8.864186E+04,1.481248E+01,2.365139E+05,6.417512E+05,7.799581E+00,6.904817E+04,1.515451E+01,2.800454E+05,1.116194E+06,7.799581E+00,7.061566E+04,1.510594E+01,2.761120E+05,6.789740E+05,8.141465E+00,4.908612E+05,7.799581E+00,0.000000E+00,0.000000E+00,7.799581E+00,3.409302E+05,7.799581E+00,0.000000E+00,0.000000E+00,8.109332E+00,4.824049E+05,7.799581E+00,0.000000E+00,0.000000E+00
15:30:00,7.799581E+00,5.497990E+04,1.576339E+01,3.197299E+05,5.857159E+05,7.799581E+00,8.946479E+04,1.521353E+01,2.413124E+05,6.574652E+05,7.799581E+00,6.987110E+04,1.555558E+01,2.858156E+05,1.136559E+06,7.799581E+00,7.143860E+04,1.550691E+01,2.818050E+05,6.953037E+05,8.141465E+00,4.908612E+05,7.799581E+00,0.000000E+00,0.000000E+00,7.799581E+00,3.409302E+05,7.799581E+00,0.000000E+00,0.000000E+00,8.109332E+00,4.824049E+05,7.799581E+00,0.000000E+00,0.000000E+00
15:40:00,7.799581E+00,5.580283E+04,1.616184E+01,3.261064E+05,5.987683E+05,7.799581E+00,9.028773E+04,1.561217E+01,2.459882E+05,6.729870E+05,7.799581E+00,7.069404E+04,1.595414E+01,2.914555E+05,1.156316E+06,7.799581E+00,7.226153E+04,1.590543E+01,2.873691E+05,7.114363E+05,8.141465E+00,4.908612E+05,7.799581E+00,0.000000E+00,0.000000E+00,7.799581E+00,3.409302E+05,7.799581E+00,0.000000E+00,0.000000E+00,8.109332E+00,4.824049E+05,7.799581E+00,0.000000E+00,0.000000E+00
15:50:00,7.799581E+00,5.662577E+04,1.655782E+01,3.323493E+05,6.116437E+05,7.799581E+00,9.111066E+04,1.600835E+01,2.505415E+05,6.883166E+05,7.799581E+00,7.151697E+04,1.635020E+01,2.969657E+05,1.175469E+06,7.799581E+00,7.308447E+04,1.630149E+01,2.928050E+05,7.273719E+05,8.141465E+00,4.908612E+05,7.799581E+00,0.000000E+00,0.000000E+00,7.799581E+00,3.409302E+05,7.799581E+00,0.000000E+00,0.000000E+00,8.109332E+00,4.824049E+05,7.799581E+00,0.000000E+00,0.000000E+00
16:00:00,7.799581E+00,5.744870E+04,1.695136E+01,3.384599E+05,6.243429E+05,7.799581E+00,9.193360E+04,1.640212E+01,2.549737E+05,7.034557E+05,7.799581E+00,7.233991E+04,1.674377E+01,3.023474E+05,1.194030E+06,7.799581E+00,7.390740E+04,1.669513E+01,2.981139E+05,7.431131E+05,8.141465E+00,4.908612E+05,7.799581E+00,0.000000E+00,0.000000E+00,7.799581E+00,3.409302E+05,7.799581E+00,0.000000E+00,0.000000E+00,8.109332E+00,4.824049E+05,7.799581E+00,0.000000E+00,0.000000E+00
16:10:00,7.799581E+00,5.854595E+04,1.652850E+01,3.276918E+05,6.063792E+05,7.799581E+00,9.303084E+04,1.597972E+01,2.461593E+05,6.830122E+05,7.799581E+00,7.343715E+04,1.632089E+01,2.924154E+05,1.151293E+06,7.799581E+00,7.500465E+04,1.627245E+01,2.882771E+05,7.219305E+05,8.141465E+00,4.908612E+05,7.799581E+00,0.000000E+00,0.000000E+00,7.799581E+00,3.409302E+05,7.799581E+00,0.000000E+00,0.000000E+00,8.109332E+00,4.824049E+05,7.799581E+00,0.000000E+00,0.000000E+00
16:20:00,7.799581E+00,5.964320E+04,1.607959E+01,3.165296E+05,5.875850E+05,7.799581E+00,9.412809E+04,1.553233E+01,2.370824E+05,6.616274E+05,7.799581E+00,7.453440E+04,1.587241E+01,2.821471E+05,1.107498E+06,7.799581E+00,7.610190E+04,1.582422E+01,2.781103E+05,6.997412E+05,8.141465E+00,4.908612E+05,7.799581E+00,0.000000E+00,0.000000E+00,7.799581E+00,3.409302E+05,7.799581E+00,0.000000E+00,0.000000E+00,8.109332E+00,4.824049E+05,7.799581E+00,0.000000E+00,0.000000E+00
16:30:00,7.799581E+00,6.074044E+04,1.561635E+01,3.052137E+05,5.683997E+05,7.799581E+00,9.522534E+04,1.507060E+01,2.279146E+05,6.397642E+05,7.799581E+00,7.563165E+04,1.540950E+01,2.717506E+05,1.063470E+06,7.799581E+00,7.719914E+04,1.536165E+01,2.678195E+05,6.770500E+05,8.141465E+00,4.908612E+05,7.799581E+00,0.000000E+00,0.000000E+00,7.799581E+00,3.409302E+05,7.799581E+00,0.000000E+00,0.000000E+00,8.109332E+00,4.824049E+05,7.799581E+00,0.000000E+00,0.000000E+00
16:40:00,7.799581E+00,6.183769E+04,1.514217E+01,2.938159E+05,5.489513E+05,7.799581E+00,9.632258E+04,1.459797E+01,2.187132E+05,6.175742E+05,7.799581E+00,7.672889E+04,1.493562E+01,2.612926E+05,1.019471E+06,7.799581E+00,7.829639E+04,1.488815E+01,2.574699E+05,6.540138E+05,8.141465E+00,4.908612E+05,7.799581E+00,0.000000E+00,0.000000E+00,7.799581E+00,3.409302E+05,7.799581E+00,0.000000E+00,0.000000E+00,8.109332E+00,4.824049E+05,7.799581E+00,0.000000E+00,0.000000E+00
16:50:00,7.799581E+00,6.293494E+04,1.465840E+01,2.823668E+05,5.292941E+05,7.799581E+00,9.741983E+04,1.411579E+01,2.095032E+05,5.951194E+05,7.799581E+00,7.782614E+04,1.445215E+01,2.508013E+05,9.756100E+05,7.799581E+00,7.939364E+04,1.440508E+01,2.470895E+05,6.306965E+05,8.141465E+00,4.908612E+05,7.799581E+00,0.000000E+00,0.000000E+00,7.799581E+00,3.409302E+05,7.799581E+00,0.000000E+00,0.000000E+00,8.109332E+00,4.824049E+05,7.799581E+00,0.000000E+00,0.000000E+00
17:00:00,7.799581E+00,6.403218E+04,1.416578E+01,2.708845E+05,5.094583E+05,7.799581E+00,9.851708E+04,1.365280E+01,2.007110E+05,5.736114E+05,7.799581E+00,7.892339E+04,1.395980E+01,2.402932E+05,9.319490E+05,7.799581E+00,8.049088E+04,1.391369E+01,2.367033E+05,6.071564E+05,8.141465E+00,4.908612E+05,7.799581E+00,0.000000E+00,0.000000E+00,7.799581E+00,3.409302E+05,7.799581E+00,0.000000E+00,0.000000E+00,8.109332E+00,4.824049E+05,7.799581E+00,0.000000E+00,0.000000E+00
17:10:00,7.799581E+00,6.540374E+04,1.384723E+01,2.623580E+05,4.954996E+05,7.799581E+00,9.988864E+04,1.335958E+01,1.940509E+05,5.588593E+05,7.799581E+00,8.029495E+04,1.366160E+01,2.327578E+05,8.993798E+05,7.799581E+00,8.186244E+04,1.361957E+01,2.293046E+05,5.918434E+05,8.141465E+00,4.908612E+05,7.799581E+00,0.000000E+00,0.000000E+00,7.799581E+00,3.409302E+05,7.799581E+00,0.000000E+00,0.000000E+00,8.109332E+00,4.824049E+05,7.799581E+00,0.000000E+00,0.000000E+00
17:20:00,7.799581E+00,6.677530E+04,1.354425E+01,2.542359E+05,4.822106E+05,7.799581E+00,1.012602E+05,1.305834E+01,1.873791E+05,5.438805E+05,7.799581E+00,8.166650E+04,1.335894E+01,2.252521E+05,8.671720E+05,7.799581E+00,8.323400E+04,1.331735E+01,2.218745E+05,5.762871E+05,8.141465E+00,4.908612E+05,7.799581E+00,0.000000E+00,0.000000E+00,7.799581E+00,3.409302E+05,7.799581E+00,0.000000E+00,0.000000E+00,8.109332E+00,4.824049E+05,7.799581E+00,0.000000E+00,0.000000E+00
17:30:00,7.799581E+00,6.814686E+04,1.323325E+01,2.460711E+05,4.687467E+05,7.799581E+00,1.026318E+05,1.274920E+01,1.807012E+05,5.286839E+05,7.799581E+00,8.303806E+04,1.304829E+01,2.177196E+05,8.351039E+05,7.799581E+00,8.460556E+04,1.300716E+01,2.144192E+05,5.604971E+05,8.141465E+00,4.908612E+05,7.799581E+00,0.000000E+00,0.000000E+00,7.799581E+00,3.409302E+05,7.799581E+00,0.000000E+00,0.000000E+00,8.109332E+00,4.824049E+05,7.799581E+00,0.000000E+00,0.000000E+00
17:40:00,7.799581E+00,6.951842E+04,1.291229E+01,2.378322E+05,4.550440E+05,7.799581E+00,1.040033E+05,1.243029E+01,1.739952E+05,5.131959E+05,7.799581E+00,8.440962E+04,1.272773E+01,2.101326E+05,8.030680E+05,7.799581E+00,8.597712E+04,1.268708E+01,2.069118E+05,5.443961E+05,8.141465E+00,4.908612E+05,7.799581E+00,0.000000E+00,0.000000E+00,7.799581E+00,3.409302E+05,7.799581E+00,0.000000E+00,0.000000E+00,8.109332E+00,4.824049E+05,7.799581E+00,0.000000E+00,0.000000E+00
17:50:00,7.799581E+00,7.088997E+04,1.258280E+01,2.295506E+05,4.411585E+05,7.799581E+00,1.053749E+05,1.210299E+01,1.672854E+05,4.974794E+05,7.799581E+00,8.578118E+04,1.239867E+01,2.025196E+05,7.711724E+05,7.799581E+00,8.734867E+04,1.235854E+01,1.993803E+05,5.280494E+05,8.141465E+00,4.908612E+05,7.799581E+00,0.000000E+00,0.000000E+00,7.799581E+00,3.409302E+05,7.799581E+00,0.000000E+00,0.000000E+00,8.109332E+00,4.824049E+05,7.799581E+00,0.000000E+00,0.000000E+00
18:00:00,7.799581E+00,7.226153E+04,1.224542E+01,2.212423E+05,4.271169E+05,7.799581E+00,1.067464E+05,1.176794E+01,1.605850E+05,4.815651E+05,7.799581E+00,8.715274E+04,1.206176E+01,1.948955E+05,7.394714E+05,7.799581E+00,8.872023E+04,1.202217E+01,1.918396E+05,5.114895E+05,8.141465E+00,4.908612E+05,7.799581E+00,0.000000E+00,0.000000E+00,7.799581E+00,3.409302E+05,7.799581E+00,0.000000E+00,0.000000E+00,8.109332E+00,4.824049E+05,7.799581E+00,0.000000E+00,0.000000E+00
18:10:00,7.799581E+00,7.431887E+04,1.211498E+01,2.156901E+05,4.192832E+05,7.799581E+00,1.088038E+05,1.163947E+01,1.557618E+05,4.731293E+05,7.799581E+00,8.921008E+04,1.193166E+01,1.896460E+05,7.157057E+05,7.799581E+00,9.077757E+04,1.189258E+01,1.866348E+05,5.027301E+05,8.141465E+00,4.908612E+05,7.799581E+00,0.000000E+00,0.000000E+00,7.799581E+00,3.409302E+05,7.799581E+00,0.000000E+00,0.000000E+00,8.109332E+00,4.824049E+05,7.799581E+00,0.000000E+00,0.000000E+00
18:20:00,7.799581E+00,7.637621E+04,1.199305E+01,2.103558E+05,4.118126E+05,7.799581E+00,1.108611E+05,1.151936E+01,1.511159E+05,4.651012E+05,7.799581E+00,9.126741E+04,1.180994E+01,1.845962E+05,6.929590E+05,7.799581E+00,9.283491E+04,1.177143E+01,1.816284E+05,4.943957E+05,8.141465E+00,4.908612E+05,7.799581E+00,0.000000E+00,0.000000E+00,7.799581E+00,3.409302E+05,7.799581E+00,0.000000E+00,0.000000E+00,8.109332E+00,4.824049E+05,7.799581E+00,0.000000E+00,0.000000E+00
18:30:00,7.799581E+00,7.843355E+04,1.187209E+01,2.051026E+05,4.044408E+05,7.799581E+00,1.129184E+05,1.140035E+01,1.465476E+05,4.571827E+05,7.799581E+00,9.332475E+04,1.168923E+01,1.796261E+05,6.707670E+05,7.799581E+00,9.489225E+04,1.165129E+01,1.767015E+05,4.861698E+05,8.141465E+00,4.908612E+05,7.799581E+00,0.000000E+00,0.000000E+00,7.799581E+00,3.409302E+05,7.799581E+00,0.000000E+00,0.000000E+00,8.109332E+00,4.824049E+05,7.799581E+00,0.000000E+00,0.000000E+00
18:40:00,7.799581E+00,8.049088E+04,1.175203E+01,1.999286E+05,3.971653E+05,7.799581E+00,1.149758E+05,1.128235E+01,1.420546E+05,4.493690E+05,7.799581E+00,9.538209E+04,1.156944E+01,1.747335E+05,6.491123E+05,7.799581E+00,9.694958E+04,1.153211E+01,1.718521E+05,4.780489E+05,8.141465E+00,4.908612E+05,7.799581E+00,0.000000E+00,0.000000E+00,7.799581E+00,3.409302E+05,7.799581E+00,0.000000E+00,0.000000E+00,8.109332E+00,4.824049E+05,7.799581E+00,0.000000E+00,0.000000E+00
18:50:00,7.799581E+00,8.254822E+04,1.162863E+01,1.947619E+05,3.898426E+05,7.799581E+00,1.170331E+05,1.117519E+01,1.377578E+05,4.420494E+05,7.799581E+00,9.743943E+04,1.144636E+01,1.698554E+05,6.277535E+05,7.799581E+00,9.900692E+04,1.140968E+01,1.670181E+05,4.698597E+05,8.141465E+00,4.908612E+05,7.799581E+00,0.000000E+00,0.000000E+00,7.799581E+00,3.409302E+05,7.799581E+00,0.000000E+00,0.000000E+00,8.109332E+00,4.824049E+05,7.799581E+00,0.000000E+00,0.000000E+00
19:00:00,7.799581E+00,8.460556E+04,1.150167E+01,1.896016E+05,3.824684E+05,7.799581E+00,1.190905E+05,1.106787E+01,1.335154E+05,4.347815E+05,7.799581E+00,9.949676E+04,1.131979E+01,1.649914E+05,6.066844E+05,7.799581E+00,1.010643E+05,1.128382E+01,1.621993E+05,4.615967E+05,8.141465E+00,4.908612E+05,7.799581E+00,0.000000E+00,0.000000E+00,7.799581E+00,3.409302E+05,7.799581E+00,0.000000E+00,0.000000E+00,8.109332E+00,4.824049E+05,7.799581E+00,0.000000E+00,0.000000E+00
19:10:00,7.799581E+00,8.611427E+04,1.137339E+01,1.852870E+05,3.759421E+05,7.799581E+00,1.205992E+05,1.095910E+01,1.300833E+05,4.283138E+05,7.799581E+00,1.010055E+05,1.119200E+01,1.609638E+05,5.896946E+05,7.799581E+00,1.025730E+05,1.115760E+01,1.582267E+05,4.542000E+05,8.141465E+00,4.908612E+05,7.799581E+00,0.000000E+00,0.000000E+00,7.799581E+00,3.409302E+05,7.799581E+00,0.000000E+00,0.000000E+00,8.109332E+00,4.824049E+05,7.799581E+00,0.000000E+00,0.000000E+00
19:20:00,7.799581E+00,8.762299E+04,1.124592E+01,1.810350E+05,3.694930E+05,7.799581E+00,1.221079E+05,1.085117E+01,1.267032E+05,4.219224E+05,7.799581E+00,1.025142E+05,1.107593E+01,1.571519E+05,5.736283E+05,7.799581E+00,1.040817E+05,1.104801E+01,1.545355E+05,4.475274E+05,8.141465E+00,4.908612E+05,7.799581E+00,0.000000E+00,0.000000E+00,7.799581E+00,3.409302E+05,7.799581E+00,0.000000E+00,0.000000E+00,8.109332E+00,4.824049E+05,7.799581E+00,0.000000E+00,0.000000E+00
19:30:00,7.799581E+00,8.913170E+04,1.112561E+01,1.769462E+05,3.633285E+05,7.799581E+00,1.236166E+05,1.074948E+01,1.234365E+05,4.158156E+05,7.799581E+00,1.040229E+05,1.097205E+01,1.535557E+05,5.584750E+05,7.799581E+00,1.055904E+05,1.094472E+01,1.509737E+05,4.411528E+05,8.141465E+00,4.908612E+05,7.799581E+00,0.000000E+00,0.000000E+00,7.799581E+00,3.409302E+05,7.799581E+00,0.000000E+00,0.000000E+00,8.109332E+00,4.824049E+05,7.799581E+00,0.000000E+00,0.000000E+00
19:40:00,7.799581E+00,9.064041E+04,1.102221E+01,1.731695E+05,3.577607E+05,7.799581E+00,1.251253E+05,1.065644E+01,1.203067E+05,4.100823E+05,7.799581E+00,1.055316E+05,1.087696E+01,1.501209E+05,5.440277E+05,7.799581E+00,1.070991E+05,1.085019E+01,1.475708E+05,4.351704E+05,8.141465E+00,4.908612E+05,7.799581E+00,0.000000E+00,0.000000E+00,7.799581E+00,3.409302E+05,7.799581E+00,0.000000E+00,0.000000E+00,8.109332E+00,4.824049E+05,7.799581E+00,0.000000E+00,0.000000E+00
19:50:00,7.799581E+00,9.214913E+04,1.093887E+01,1.697443E+05,3.528813E+05,7.799581E+00,1.266340E+05,1.057529E+01,1.173450E+05,4.048419E+05,7.799581E+00,1.070403E+05,1.079398E+01,1.468877E+05,5.304240E+05,7.799581E+00,1.086078E+05,1.076772E+01,1.443664E+05,4.297077E+05,8.141465E+00,4.908612E+05,7.799581E+00,0.000000E+00,0.000000E+00,7.799581E+00,3.409302E+05,7.799581E+00,0.000000E+00,0.000000E+00,8.109332E+00,4.824049E+05,7.799581E+00,0.000000E+00,0.000000E+00
20:00:00,7.799581E+00,9.365784E+04,1.086833E+01,1.665473E+05,3.484450E+05,7.799581E+00,1.281427E+05,1.050652E+01,1.145496E+05,3.953719E+05,7.799581E+00,1.085490E+05,1.072362E+01,1.438559E+05,5.176541E+05,7.799581E+00,1.101165E+05,1.069789E+01,1.413607E+05,4.247797E+05,8.141465E+00,4.908612E+05,7.799581E+00,0.000000E+00,0.000000E+00,7.799581E+00,3.409302E+05,7.799581E+00,0.000000E+00,0.000000E+00,8.109332E+00,4.824049E+05,7.799581E+00,0.000000E+00,0.000000E+00
20:10:00,7.799581E+00,9.489225E+04,1.025949E+01,1.555937E+05,3.272568E+05,7.799581E+00,1.293771E+05,9.900004E+00,1.063701E+05,3.662839E+05,7.799581E+00,1.097835E+05,1.011518E+01,1.340928E+05,4.811508E+05,7.799581E+00,1.113509E+05,1.008998E+01,1.317311E+05,3.989892E+05,8.141465E+00,4.908612E+05,7.799581E+00,0.000000E+00,0.000000E+00,7.799581E+00,3.409302E+05,7.799581E+00,0.000000E+00,0.000000E+00,8.109332E+00,4.824049E+05,7.799581E+00,0.000000E+00,0.000000E+00
20:20:00,7.799581E+00,9.612665E+04,9.660514E+00,1.449808E+05,3.065793E+05,7.799581E+00,1.306115E+05,9.302439E+00,9.847735E+04,3.383286E+05,7.799581E+00,1.110179E+05,9.516328E+00,1.246480E+05,4.460014E+05,7.799581E+00,1.125853E+05,9.491571E+00,1.224162E+05,3.737716E+05,8.141465E+00,4.908612E+05,7.799581E+00,0.000000E+00,0.000000E+00,7.799581E+00,3.409302E+05,7.799581E+00,0.000000E+00,0.000000E+00,8.109332E+00,4.824049E+05,7.799581E+00,0.000000E+00,0.000000E+00
20:30:00,7.799581E+00,9.736105E+04,9.140262E+00,1.357265E+05,2.885825E+05,7.799581E+00,1.318459E+05,8.812484E+00,9.189588E+04,3.150076E+05,7.799581E+00,1.122523E+05,9.007711E+00,1.165604E+05,4.158998E+05,7.799581E+00,1.138198E+05,8.985481E+00,1.144669E+05,3.523706E+05,8.141465E+00,4.908612E+05,7.799581E+00,0.000000E+00,0.000000E+00,7.799581E+00,3.409302E+05,7.799581E+00,0.000000E+00,0.000000E+00,8.109332E+00,4.824049E+05,7.799581E+00,0.000000E+00,0.000000E+00
20:40:00,7.799581E+00,9.859545E+04,9.102020E+00,1.337181E+05,2.858947E+05,7.799581E+00,1.330803E+05,8.775192E+00,9.011819E+04,3.082332E+05,7.799581E+00,1.134867E+05,8.969466E+00,1.146459E+05,4.079390E+05,7.799581E+00,1.150542E+05,8.947591E+00,1.125681E+05,3.494193E+05,8.141465E+00,4.908612E+05,7.799581E+00,0.000000E+00,0.000000E+00,7.799581E+00,3.409302E+05,7.799581E+00,0.000000E+00,0.000000E+00,8.109332E+00,4.824049E+05,7.799581E+00,0.000000E+00,0.000000E+00
20:50:00,7.799581E+00,9.982986E+04,9.066105E+00,1.317556E+05,2.832921E+05,7.799581E+00,1.343148E+05,8.740278E+00,8.837636E+04,3.016232E+05,7.799581E+00,1.147211E+05,8.933565E+00,1.127732E+05,4.001782E+05,7.799581E+00,1.162886E+05,8.912036E+00,1.107103E+05,3.465713E+05,8.141465E+00,4.908612E+05,7.799581E+00,0.000000E+00,0.000000E+00,7.799581E+00,3.409302E+05,7.799581E+00,0.000000E+00,0.000000E+00,8.109332E+00,4.824049E+05,7.799581E+00,0.000000E+00,0.000000E+00
21:00:00,7.799581E+00,1.010643E+05,9.031895E+00,1.298290E+05,2.807541E+05,7.799581E+00,1.355492E+05,8.707223E+00,8.666407E+04,2.951550E+05,7.799581E+00,1.159555E+05,8.899442E+00,1.109340E+05,3.925869E+05,7.799581E+00,1.175230E+05,8.878203E+00,1.088849E+05,3.438016E+05,8.141465E+00,4.908612E+05,7.799581E+00,0.000000E+00,0.000000E+00,7.799581E+00,3.409302E+05,7.799581E+00,0.000000E+00,0.000000E+00,8.109332E+00,4.824049E+05,7.799581E+00,0.000000E+00,0.000000E+00
21:10:00,7.799581E+00,1.022987E+05,8.786586E+00,1.249122E+05,2.716997E+05,7.799581E+00,1.367836E+05,8.436858E+00,8.263784E+04,2.808626E+05,7.799581E+00,1.171899E+05,8.642589E+00,1.063644E+05,3.754085E+05,7.799581E+00,1.187574E+05,8.620472E+00,1.043597E+05,3.324094E+05,8.141465E+00,4.908612E+05,7.799581E+00,0.000000E+00,0.000000E+00,7.799581E+00,3.409302E+05,7.799581E+00,0.000000E+00,0.000000E+00,8.109332E+00,4.824049E+05,7.799581E+00,0.000000E+00,0.000000E+00
21:20:00,7.799581E+00,1.035331E+05,8.539943E+00,1.200543E+05,2.626840E+05,7.799581E+00,1.380180E+05,8.200665E+00,7.902648E+04,2.680488E+05,7.799581E+00,1.184243E+05,8.384356E+00,1.018594E+05,3.585573E+05,7.799581E+00,1.199918E+05,8.361315E+00,9.989905E+04,3.210468E+05,8.141465E+00,4.908612E+05,7.799581E+00,0.000000E+00,0.000000E+00,7.799581E+00,3.409302E+05,7.799581E+00,0.000000E+00,0.000000E+00,8.109332E+00,4.824049E+05,7.799581E+00,0.000000E+00,0.000000E+00
21:30:00,7.799581E+00,1.047675E+05,8.447504E+00,1.174178E+05,2.584667E+05,7.799581E+00,1.392524E+05,8.156746E+00,7.731232E+04,2.617214E+05,7.799581E+00,1.196587E+05,8.311601E+00,9.966004E+04,3.498985E+05,7.799581E+00,1.212262E+05,8.292360E+00,9.776280E+04,3.170411E+05,8.141465E+00,4.908612E+05,7.799581E+00,0.000000E+00,0.000000E+00,7.799581E+00,3.409302E+05,7.799581E+00,0.000000E+00,0.000000E+00,8.109332E+00,4.824049E+05,7.799581E+00,0.000000E+00,0.000000E+00
21:40:00,7.799581E+00,1.060019E+05,8.402231E+00,1.154588E+05,2.557149E+05,7.799581E+00,1.404868E+05,8.112420E+00,7.560827E+04,2.554662E+05,7.799581E+00,1.208931E+05,8.262236E+00,9.776051E+04,3.423434E+05,7.799581E+00,1.224606E+05,8.247665E+00,9.593056E+04,3.139817E+05,8.141465E+00,4.908612E+05,7.799581E+00,0.000000E+00,0.000000E+00,7.799581E+00,3.409302E+05,7.799581E+00,0.000000E+00,0.000000E+00,8.109332E+00,4.824049E+05,7.799581E+00,0.000000E+00,0.000000E+00
21:50:00,7.799581E+00,1.072363E+05,8.356176E+00,1.135034E+05,2.529542E+05,7.799581E+00,1.417212E+05,8.067641E+00,7.391410E+04,2.492816E+05,7.799581E+00,1.221275E+05,8.226811E+00,9.603934E+04,3.354591E+05,7.799581E+00,1.236950E+05,8.211656E+00,9.421211E+04,3.112661E+05,8.141465E+00,4.908612E+05,7.799581E+00,0.000000E+00,0.000000E+00,7.799581E+00,3.409302E+05,7.799581E+00,0.000000E+00,0.000000E+00,8.109332E+00,4.824049E+05,7.799581E+00,0.000000E+00,0.000000E+00
22:00:00,7.799581E+00,1.084707E+05,8.312333E+00,1.115923E+05,2.502750E+05,7.799581E+00,1.429556E+05,8.025474E+00,7.225762E+04,2.432604E+05,7.799581E+00,1.233619E+05,8.190903E+00,9.432381E+04,3.286386E+05,7.799581E+00,1.249294E+05,8.175166E+00,9.249961E+04,3.085440E+05,8.141465E+00,4.908612E+05,7.799581E+00,0.000000E+00,0.000000E+00,7.799581E+00,3.409302E+05,7.799581E+00,0.000000E+00,0.000000E+00,8.109332E+00,4.824049E+05,7.799581E+00,0.000000E+00,0.000000E+00
22:10:00,7.799581E+00,1.094308E+05,8.291939E+00,1.102978E+05,2.486120E+05,7.799581E+00,1.439157E+05,8.017251E+00,7.119669E+04,2.393667E+05,7.799581E+00,1.243220E+05,8.170306E+00,9.308090E+04,3.236817E+05,7.799581E+00,1.258895E+05,8.154765E+00,9.126497E+04,3.067353E+05,8.141465E+00,4.908612E+05,7.799581E+00,0.000000E+00,0.000000E+00,7.799581E+00,3.409302E+05,7.799581E+00,0.000000E+00,0.000000E+00,8.109332E+00,4.824049E+05,7.799581E+00,0.000000E+00,0.000000E+00
22:20:00,7.799581E+00,1.103909E+05,8.272882E+00,1.090260E+05,2.469942E+05,7.799581E+00,1.448758E+05,8.009451E+00,7.014151E+04,2.355116E+05,7.799581E+00,1.252821E+05,8.151021E+00,9.185785E+04,3.188185E+05,7.799581E+00,1.268496E+05,8.135671E+00,9.004982E+04,3.049807E+05,8.141465E+00,4.908612E+05,7.799581E+00,0.000000E+00,0.000000E+00,7.799581E+00,3.409302E+05,7.799581E+00,0.000000E+00,0.000000E+00,8.109332E+00,4.824049E+05,7.799581E+00,0.000000E+00,0.000000E+00
22:30:00,7.799581E+00,1.113509E+05,8.254825E+00,1.077719E+05,2.454109E+05,7.799581E+00,1.458358E+05,8.002029E+00,6.909150E+04,2.316930E+05,7.799581E+00,1.262422E+05,8.132788E+00,9.065125E+04,3.140368E+05,7.799581E+00,1.278096E+05,8.117607E+00,8.885063E+04,3.032696E+05,8.141465E+00,4.908612E+05,7.799581E+00,0.000000E+00,0.000000E+00,7.799581E+00,3.409302E+05,7.799581E+00,0.000000E+00,0.000000E+00,8.109332E+00,4.824049E+05,7.799581E+00,0.000000E+00,0.000000E+00
22:40:00,7.799581E+00,1.123110E+05,8.237649E+00,1.065336E+05,2.438582E+05,7.799581E+00,1.467959E+05,7.994949E+00,6.804623E+04,2.279092E+05,7.799581E+00,1.272022E+05,8.115477E+00,8.945933E+04,3.093298E+05,7.799581E+00,1.287697E+05,8.100446E+00,8.766568E+04,3.015967E+05,8.141465E+00,4.908612E+05,7.799581E+00,0.000000E+00,0.000000E+00,7.799581E+00,3.409302E+05,7.799581E+00,0.000000E+00,0.000000E+00,8.109332E+00,4.824049E+05,7.799581E+00,0.000000E+00,0.000000E+00
22:50:00,7.799581E+00,1.132711E+05,8.221258E+00,1.053097E+05,2.423329E+05,7.799581E+00,1.477560E+05,7.988177E+00,6.700528E+04,2.241586E+05,7.799581E+00,1.281623E+05,8.098984E+00,8.828057E+04,3.046919E+05,7.799581E+00,1.297298E+05,8.084087E+00,8.649352E+04,2.976428E+05,8.141465E+00,4.908612E+05,7.799581E+00,0.000000E+00,0.000000E+00,7.799581E+00,3.409302E+05,7.799581E+00,0.000000E+00,0.000000E+00,8.109332E+00,4.824049E+05,7.799581E+00,0.000000E+00,0.000000E+00
23:00:00,7.799581E+00,1.142312E+05,8.205580E+00,1.040988E+05,2.408328E+05,7.799581E+00,1.487161E+05,7.981685E+00,6.596832E+04,2.204399E+05,7.799581E+00,1.291224E+05,8.083228E+00,8.711382E+04,3.001187E+05,7.799581E+00,1.306899E+05,8.068450E+00,8.533302E+04,2.931277E+05,8.141465E+00,4.908612E+05,7.799581E+00,0.000000E+00,0.000000E+00,7.799581E+00,3.409302E+05,7.799581E+00,0.000000E+00,0.000000E+00,8.109332E+00,4.824049E+05,7.799581E+00,0.000000E+00,0.000000E+00
23:10:00,7.799581E+00,1.151913E+05,8.190332E+00,1.028971E+05,2.393492E+05,7.799581E+00,1.496762E+05,7.975365E+00,6.493436E+04,2.167495E+05,7.799581E+00,1.300825E+05,8.067923E+00,8.595576E+04,2.955983E+05,7.799581E+00,1.316500E+05,8.053251E+00,8.418096E+04,2.886641E+05,8.141465E+00,4.908612E+05,7.799581E+00,0.000000E+00,0.000000E+00,7.799581E+00,3.409302E+05,7.799581E+00,0.000000E+00,0.000000E+00,8.109332E+00,4.824049E+05,7.799581E+00,0.000000E+00,0.000000E+00
23:20:00,7.799581E+00,1.161514E+05,8.175451E+00,1.017038E+05,2.378802E+05,7.799581E+00,1.506363E+05,7.969194E+00,6.390315E+04,2.130867E+05,7.799581E+00,1.310426E+05,8.053003E+00,8.480551E+04,2.911274E+05,7.799581E+00,1.326101E+05,8.038427E+00,8.303652E+04,2.842489E+05,8.141465E+00,4.908612E+05,7.799581E+00,0.000000E+00,0.000000E+00,7.799581E+00,3.409302E+05,7.799581E+00,0.000000E+00,0.000000E+00,8.109332E+00,4.824049E+05,7.799581E+00,0.000000E+00,0.000000E+00
23:30:00,7.799581E+00,1.171115E+05,8.160887E+00,1.005181E+05,2.364240E+05,7.799581E+00,1.515964E+05,7.963152E+00,6.287447E+04,2.094503E+05,7.799581E+00,1.320027E+05,8.038415E+00,8.366240E+04,2.867032E+05,7.799581E+00,1.335702E+05,8.023928E+00,8.189903E+04,2.798794E+05,8.141465E+00,4.908612E+05,7.799581E+00,0.000000E+00,0.000000E+00,7.799581E+00,3.409302E+05,7.799581E+00,0.000000E+00,0.000000E+00,8.109332E+00,4.824049E+05,7.799581E+00,0.000000E+00,0.000000E+00
23:40:00,7.799581E+00,1.180716E+05,8.146597E+00,9.933927E+04,2.349795E+05,7.799581E+00,1.525565E+05,7.957221E+00,6.184815E+04,2.058397E+05,7.799581E+00,1.329628E+05,8.024120E+00,8.252589E+04,2.823238E+05,7.799581E+00,1.345303E+05,8.015765E+00,8.082902E+04,2.757619E+05,8.141465E+00,4.908612E+05,7.799581E+00,0.000000E+00,0.000000E+00,7.799581E+00,3.409302E+05,7.799581E+00,0.000000E+00,0.000000E+00,8.109332E+00,4.824049E+05,7.799581E+00,0.000000E+00,0.000000E+00
23:50:00,7.799581E+00,1.190317E+05,8.132548E+00,9.816688E+04,2.335454E+05,7.799581E+00,1.535166E+05,7.951388E+00,6.082403E+04,2.022542E+05,7.799581E+00,1.339229E+05,8.015499E+00,8.145055E+04,2.781752E+05,7.799581E+00,1.354904E+05,8.009965E+00,7.978454E+04,2.717522E+05,8.141465E+00,4.908612E+05,7.799581E+00,0.000000E+00,0.000000E+00,7.799581E+00,3.409302E+05,7.799581E+00,0.000000E+00,0.000000E+00,8.109332E+00,4.824049E+05,7.799581E+00,0.000000E+00,0.000000E+00
24:00:00,7.799581E+00,1.199918E+05,8.118714E+00,9.700052E+04,2.321212E+05,7.799581E+00,1.544767E+05,7.945639E+00,5.980199E+04,1.986931E+05,7.799581E+00,1.348830E+05,8.009768E+00,8.040636E+04,2.741537E+05,7.799581E+00,1.364505E+05,8.004247E+00,7.874231E+04,2.677705E+05,8.141465E+00,4.908612E+05,7.799581E+00,0.000000E+00,0.000000E+00,7.799581E+00,3.409302E+05,7.799581E+00,0.000000E+00,0.000000E+00,8.109332E+00,4.824049E+05,7.799581E+00,0.000000E+00,0.000000E+00
Coinc Peak   ,8.141465E+00,1.695136E+01,4.908612E+05,3.436165E+05
NonCoinc Peak,8.141465E+00,1.739613E+01,4.908612E+05,3.436165E+05
