Time,THERMAL ZONE 1:CHICAGO OHARE INTL AP ANN HTG 99.6% CONDNS DB:Des Heat Load [W],THERMAL ZONE 1:CHICAGO OHARE INTL AP ANN CLG .4% CONDNS DB=>MWB:Des Sens Cool Load [W],THERMAL ZONE 1:CHICAGO OHARE INTL AP ANN HTG 99.6% CONDNS DB:Des Heat Mass Flow [kg/s],THERMAL ZONE 1:CHICAGO OHARE INTL AP ANN CLG .4% CONDNS DB=>MWB:Des Cool Mass Flow [kg/s],THERMAL ZONE 2:CHICAGO OHARE INTL AP ANN HTG 99.6% CONDNS DB:Des Heat Load [W],THERMAL ZONE 2:CHICAGO OHARE INTL AP ANN CLG .4% CONDNS DB=>MWB:Des Sens Cool Load [W],THERMAL ZONE 2:CHICAGO OHARE INTL AP ANN HTG 99.6% CONDNS DB:Des Heat Mass Flow [kg/s],THERMAL ZONE 2:CHICAGO OHARE INTL AP ANN CLG .4% CONDNS DB=>MWB:Des Cool Mass Flow [kg/s],THERMAL ZONE 3:CHICAGO OHARE INTL AP ANN HTG 99.6% CONDNS DB:Des Heat Load [W],THERMAL ZONE 3:CHICAGO OHARE INTL AP ANN CLG .4% CONDNS DB=>MWB:Des Sens Cool Load [W],THERMAL ZONE 3:CHICAGO OHARE INTL AP ANN HTG 99.6% CONDNS DB:Des Heat Mass Flow [kg/s],THERMAL ZONE 3:CHICAGO OHARE INTL AP ANN CLG .4% CONDNS DB=>MWB:Des Cool Mass Flow [kg/s],THERMAL ZONE 4:CHICAGO OHARE INTL AP ANN HTG 99.6% CONDNS DB:Des Heat Load [W],THERMAL ZONE 4:CHICAGO OHARE INTL AP ANN CLG .4% CONDNS DB=>MWB:Des Sens Cool Load [W],THERMAL ZONE 4:CHICAGO OHARE INTL AP ANN HTG 99.6% CONDNS DB:Des Heat Mass Flow [kg/s],THERMAL ZONE 4:CHICAGO OHARE INTL AP ANN CLG .4% CONDNS DB=>MWB:Des Cool Mass Flow [kg/s],THERMAL ZONE 5:CHICAGO OHARE INTL AP ANN HTG 99.6% CONDNS DB:Des Heat Load [W],THERMAL ZONE 5:CHICAGO OHARE INTL AP ANN CLG .4% CONDNS DB=>MWB:Des Sens Cool Load [W],THERMAL ZONE 5:CHICAGO OHARE INTL AP ANN HTG 99.6% CONDNS DB:Des Heat Mass Flow [kg/s],THERMAL ZONE 5:CHICAGO OHARE INTL AP ANN CLG .4% CONDNS DB=>MWB:Des Cool Mass Flow [kg/s],THERMAL ZONE 6:CHICAGO OHARE INTL AP ANN HTG 99.6% CONDNS DB:Des Heat Load [W],THERMAL ZONE 6:CHICAGO OHARE INTL AP ANN CLG .4% CONDNS DB=>MWB:Des Sens Cool Load [W],THERMAL ZONE 6:CHICAGO OHARE INTL AP ANN HTG 99.6% CONDNS DB:Des Heat Mass Flow [kg/s],THERMAL ZONE 6:CHICAGO OHARE INTL AP ANN CLG .4% CONDNS DB=>MWB:Des Cool Mass Flow [kg/s],THERMAL ZONE 7:CHICAGO OHARE INTL AP ANN HTG 99.6% CONDNS DB:Des Heat Load [W],THERMAL ZONE 7:CHICAGO OHARE INTL AP ANN CLG .4% CONDNS DB=>MWB:Des Sens Cool Load [W],THERMAL ZONE 7:CHICAGO OHARE INTL AP ANN HTG 99.6% CONDNS DB:Des Heat Mass Flow [kg/s],THERMAL ZONE 7:CHICAGO OHARE INTL AP ANN CLG .4% CONDNS DB=>MWB:Des Cool Mass Flow [kg/s],THERMAL ZONE 8:CHICAGO OHARE INTL AP ANN HTG 99.6% CONDNS DB:Des Heat Load [W],THERMAL ZONE 8:CHICAGO OHARE INTL AP ANN CLG .4% CONDNS DB=>MWB:Des Sens Cool Load [W],THERMAL ZONE 8:CHICAGO OHARE INTL AP ANN HTG 99.6% CONDNS DB:Des Heat Mass Flow [kg/s],THERMAL ZONE 8:CHICAGO OHARE INTL AP ANN CLG .4% CONDNS DB=>MWB:Des Cool Mass Flow [kg/s]
00:10:00,4.926349E+03,3.160138E+03,2.542522E-01,3.096428E-01,8.158745E+03,6.828032E+03,4.210683E-01,6.690533E-01,5.140050E+03,3.165264E+03,2.652792E-01,3.101457E-01,3.979741E+02,3.901550E+02,2.054111E-02,3.822647E-02,9.809205E+03,5.838793E+03,5.061325E-01,5.722131E-01,1.081855E+04,4.988625E+03,5.582000E-01,4.889004E-01,1.562176E+04,6.826663E+03,8.060386E-01,6.690270E-01,8.846735E+03,6.718912E+03,4.565057E-01,6.584310E-01
00:20:00,4.926348E+03,3.121545E+03,2.542522E-01,3.058608E-01,8.158745E+03,6.776208E+03,4.210683E-01,6.639740E-01,5.140050E+03,3.138123E+03,2.652792E-01,3.074862E-01,3.979741E+02,3.876214E+02,2.054111E-02,3.797823E-02,9.809205E+03,5.789476E+03,5.061325E-01,5.673800E-01,1.081855E+04,4.939936E+03,5.582000E-01,4.841288E-01,1.562176E+04,6.757583E+03,8.060386E-01,6.622571E-01,8.846735E+03,6.673120E+03,4.565057E-01,6.539437E-01
00:30:00,4.926348E+03,3.083938E+03,2.542522E-01,3.021755E-01,8.158745E+03,6.725887E+03,4.210683E-01,6.590423E-01,5.140050E+03,3.111745E+03,2.652792E-01,3.049014E-01,3.979741E+02,3.851577E+02,2.054111E-02,3.773684E-02,9.809205E+03,5.741375E+03,5.061325E-01,5.626660E-01,1.081855E+04,4.892345E+03,5.582000E-01,4.794647E-01,1.562176E+04,6.690133E+03,8.060386E-01,6.556468E-01,8.846735E+03,6.628211E+03,4.565057E-01,6.495428E-01
00:40:00,4.926348E+03,3.047229E+03,2.542522E-01,2.985782E-01,8.158745E+03,6.676959E+03,4.210683E-01,6.542474E-01,5.140050E+03,3.086026E+03,2.652792E-01,3.023812E-01,3.979740E+02,3.827557E+02,2.054110E-02,3.750150E-02,9.809205E+03,5.694446E+03,5.061325E-01,5.580670E-01,1.081855E+04,4.845835E+03,5.582000E-01,4.749065E-01,1.562176E+04,6.624282E+03,8.060386E-01,6.491933E-01,8.846735E+03,6.584172E+03,4.565057E-01,6.452272E-01
00:50:00,4.926348E+03,3.011380E+03,2.542522E-01,2.950653E-01,8.158745E+03,6.629212E+03,4.210683E-01,6.495684E-01,5.140050E+03,3.060882E+03,2.652792E-01,2.999174E-01,3.979740E+02,3.804090E+02,2.054110E-02,3.727157E-02,9.809204E+03,5.648652E+03,5.061325E-01,5.535791E-01,1.081855E+04,4.800389E+03,5.582000E-01,4.704527E-01,1.562176E+04,6.560001E+03,8.060386E-01,6.428937E-01,8.846735E+03,6.540995E+03,4.565057E-01,6.409961E-01
01:00:00,4.926348E+03,2.976358E+03,2.542522E-01,2.916335E-01,8.158745E+03,6.582494E+03,4.210683E-01,6.449904E-01,5.140050E+03,3.036237E+03,2.652792E-01,2.975025E-01,3.979740E+02,3.781125E+02,2.054110E-02,3.704657E-02,9.809204E+03,5.603961E+03,5.061325E-01,5.491993E-01,1.081855E+04,4.755993E+03,5.582000E-01,4.661017E-01,1.562176E+04,6.497266E+03,8.060386E-01,6.367455E-01,8.846735E+03,6.498674E+03,4.565057E-01,6.368488E-01
01:10:00,4.926348E+03,2.942295E+03,2.542522E-01,2.882957E-01,8.158745E+03,6.536978E+03,4.210683E-01,6.405302E-01,5.140050E+03,3.012187E+03,2.652792E-01,2.951459E-01,3.979740E+02,3.758669E+02,2.054110E-02,3.682655E-02,9.809204E+03,5.560871E+03,5.061325E-01,5.449764E-01,1.081855E+04,4.713186E+03,5.582000E-01,4.619066E-01,1.562176E+04,6.436826E+03,8.060386E-01,6.308222E-01,8.846735E+03,6.457699E+03,4.565057E-01,6.328335E-01
01:20:00,4.926348E+03,2.909147E+03,2.542522E-01,2.850476E-01,8.158745E+03,6.492547E+03,4.210683E-01,6.361763E-01,5.140050E+03,2.988619E+03,2.652792E-01,2.928366E-01,3.979740E+02,3.736679E+02,2.054110E-02,3.661110E-02,9.809204E+03,5.519343E+03,5.061325E-01,5.409066E-01,1.081855E+04,4.671963E+03,5.582000E-01,4.578665E-01,1.562176E+04,6.378680E+03,8.060386E-01,6.251238E-01,8.846735E+03,6.418052E+03,4.565057E-01,6.289482E-01
01:30:00,4.926348E+03,2.876878E+03,2.542522E-01,2.818856E-01,8.158745E+03,6.449042E+03,4.210683E-01,6.319133E-01,5.140050E+03,2.965567E+03,2.652792E-01,2.905778E-01,3.979740E+02,3.715119E+02,2.054110E-02,3.639985E-02,9.809204E+03,5.479341E+03,5.061325E-01,5.369863E-01,1.081855E+04,4.632301E+03,5.582000E-01,4.539795E-01,1.562176E+04,6.322800E+03,8.060386E-01,6.196475E-01,8.846735E+03,6.379714E+03,4.565057E-01,6.251913E-01
01:40:00,4.926348E+03,2.845468E+03,2.542522E-01,2.788078E-01,8.158745E+03,6.406452E+03,4.210683E-01,6.277400E-01,5.140050E+03,2.943073E+03,2.652792E-01,2.883737E-01,3.979740E+02,3.693965E+02,2.054110E-02,3.619259E-02,9.809204E+03,5.440853E+03,5.061325E-01,5.332145E-01,1.081855E+04,4.594200E+03,5.582000E-01,4.502456E-01,1.562176E+04,6.269187E+03,8.060386E-01,6.143934E-01,8.846735E+03,6.342694E+03,4.565057E-01,6.215634E-01
01:50:00,4.926348E+03,2.814897E+03,2.542522E-01,2.758123E-01,8.158745E+03,6.364884E+03,4.210683E-01,6.236667E-01,5.140050E+03,2.921158E+03,2.652792E-01,2.862264E-01,3.979740E+02,3.673197E+02,2.054110E-02,3.598912E-02,9.809204E+03,5.403873E+03,5.061325E-01,5.295903E-01,1.081855E+04,4.557661E+03,5.582000E-01,4.466647E-01,1.562176E+04,6.217842E+03,8.060386E-01,6.093615E-01,8.846735E+03,6.306996E+03,4.565057E-01,6.180652E-01
02:00:00,4.926348E+03,2.785151E+03,2.542522E-01,2.728976E-01,8.158745E+03,6.324379E+03,4.210683E-01,6.196978E-01,5.140050E+03,2.899834E+03,2.652792E-01,2.841370E-01,3.979740E+02,3.652801E+02,2.054110E-02,3.578928E-02,9.809204E+03,5.368393E+03,5.061325E-01,5.261132E-01,1.081855E+04,4.522686E+03,5.582000E-01,4.432370E-01,1.562176E+04,6.168762E+03,8.060386E-01,6.045516E-01,8.846735E+03,6.272628E+03,4.565057E-01,6.146973E-01
02:10:00,4.926348E+03,2.756058E+03,2.542522E-01,2.700469E-01,8.158745E+03,6.284684E+03,4.210683E-01,6.158082E-01,5.140050E+03,2.878951E+03,2.652792E-01,2.820907E-01,3.979740E+02,3.632714E+02,2.054110E-02,3.559248E-02,9.809204E+03,5.333880E+03,5.061325E-01,5.227310E-01,1.081855E+04,4.488707E+03,5.582000E-01,4.399071E-01,1.562176E+04,6.121151E+03,8.060386E-01,5.998857E-01,8.846735E+03,6.239095E+03,4.565057E-01,6.114112E-01
02:20:00,4.926348E+03,2.727619E+03,2.542522E-01,2.672603E-01,8.158745E+03,6.245802E+03,4.210683E-01,6.119982E-01,5.140050E+03,2.858508E+03,2.652792E-01,2.800877E-01,3.979740E+02,3.612935E+02,2.054110E-02,3.539868E-02,9.809204E+03,5.300343E+03,5.061325E-01,5.194443E-01,1.081855E+04,4.455718E+03,5.582000E-01,4.366741E-01,1.562176E+04,6.074984E+03,8.060386E-01,5.953613E-01,8.846735E+03,6.206413E+03,4.565057E-01,6.082085E-01
02:30:00,4.926348E+03,2.699835E+03,2.542522E-01,2.645379E-01,8.158745E+03,6.207743E+03,4.210683E-01,6.082690E-01,5.140050E+03,2.838512E+03,2.652792E-01,2.781284E-01,3.979740E+02,3.593464E+02,2.054110E-02,3.520791E-02,9.809205E+03,5.267789E+03,5.061325E-01,5.162540E-01,1.081855E+04,4.423728E+03,5.582000E-01,4.335390E-01,1.562176E+04,6.030266E+03,8.060386E-01,5.909789E-01,8.846735E+03,6.174593E+03,4.565057E-01,6.050903E-01
02:40:00,4.926348E+03,2.672695E+03,2.542522E-01,2.618786E-01,8.158745E+03,6.170509E+03,4.210683E-01,6.046206E-01,5.140050E+03,2.818960E+03,2.652792E-01,2.762126E-01,3.979740E+02,3.574296E+02,2.054110E-02,3.502011E-02,9.809205E+03,5.236207E+03,5.061325E-01,5.131589E-01,1.081855E+04,4.392725E+03,5.582000E-01,4.305006E-01,1.562176E+04,5.986975E+03,8.060386E-01,5.867363E-01,8.846735E+03,6.143624E+03,4.565057E-01,6.020555E-01
02:50:00,4.926348E+03,2.646191E+03,2.542522E-01,2.592816E-01,8.158745E+03,6.134097E+03,4.210683E-01,6.010527E-01,5.140050E+03,2.799849E+03,2.652792E-01,2.743401E-01,3.979740E+02,3.555426E+02,2.054110E-02,3.483522E-02,9.809205E+03,5.205582E+03,5.061325E-01,5.101576E-01,1.081855E+04,4.362698E+03,5.582000E-01,4.275579E-01,1.562176E+04,5.945093E+03,8.060386E-01,5.826318E-01,8.846735E+03,6.113495E+03,4.565057E-01,5.991030E-01
03:00:00,4.926348E+03,2.620311E+03,2.542522E-01,2.567458E-01,8.158745E+03,6.098505E+03,4.210683E-01,5.975653E-01,5.140050E+03,2.781178E+03,2.652792E-01,2.725106E-01,3.979740E+02,3.536850E+02,2.054110E-02,3.465322E-02,9.809205E+03,5.175903E+03,5.061325E-01,5.072490E-01,1.081855E+04,4.333637E+03,5.582000E-01,4.247098E-01,1.562176E+04,5.904601E+03,8.060386E-01,5.786636E-01,8.846735E+03,6.084198E+03,4.565057E-01,5.962320E-01
03:10:00,4.926348E+03,2.594929E+03,2.542522E-01,2.542587E-01,8.158745E+03,6.063460E+03,4.210683E-01,5.941313E-01,5.140050E+03,2.762800E+03,2.652792E-01,2.707098E-01,3.979740E+02,3.518563E+02,2.054110E-02,3.447405E-02,9.809205E+03,5.146749E+03,5.061325E-01,5.043919E-01,1.081855E+04,4.305101E+03,5.582000E-01,4.219133E-01,1.562176E+04,5.864877E+03,8.060386E-01,5.747707E-01,8.846735E+03,6.055348E+03,4.565057E-01,5.934048E-01
03:20:00,4.926348E+03,2.570033E+03,2.542522E-01,2.518193E-01,8.158745E+03,6.028936E+03,4.210683E-01,5.907485E-01,5.140050E+03,2.744699E+03,2.652792E-01,2.689362E-01,3.979740E+02,3.500561E+02,2.054110E-02,3.429767E-02,9.809205E+03,5.118088E+03,5.061325E-01,5.015830E-01,1.081855E+04,4.277041E+03,5.582000E-01,4.191633E-01,1.562176E+04,5.825841E+03,8.060386E-01,5.709451E-01,8.846735E+03,6.026919E+03,4.565057E-01,5.906189E-01
03:30:00,4.926348E+03,2.545611E+03,2.542522E-01,2.494264E-01,8.158745E+03,5.994921E+03,4.210683E-01,5.874155E-01,5.140050E+03,2.726867E+03,2.652792E-01,2.671890E-01,3.979740E+02,3.482838E+02,2.054110E-02,3.412403E-02,9.809205E+03,5.089886E+03,5.061325E-01,4.988192E-01,1.081855E+04,4.249416E+03,5.582000E-01,4.164560E-01,1.562176E+04,5.787437E+03,8.060386E-01,5.671814E-01,8.846735E+03,5.998876E+03,4.565057E-01,5.878708E-01
03:40:00,4.926348E+03,2.521653E+03,2.542522E-01,2.470789E-01,8.158745E+03,5.961403E+03,4.210683E-01,5.841313E-01,5.140050E+03,2.709298E+03,2.652792E-01,2.654675E-01,3.979740E+02,3.465390E+02,2.054110E-02,3.395307E-02,9.809205E+03,5.062114E+03,5.061325E-01,4.960975E-01,1.081855E+04,4.222197E+03,5.582000E-01,4.137884E-01,1.562176E+04,5.749623E+03,8.060386E-01,5.634756E-01,8.846735E+03,5.971190E+03,4.565057E-01,5.851577E-01
03:50:00,4.926348E+03,2.498148E+03,2.542522E-01,2.447758E-01,8.158745E+03,5.928372E+03,4.210683E-01,5.808947E-01,5.140050E+03,2.691984E+03,2.652792E-01,2.637710E-01,3.979740E+02,3.448211E+02,2.054110E-02,3.378476E-02,9.809205E+03,5.034746E+03,5.061325E-01,4.934154E-01,1.081855E+04,4.195359E+03,5.582000E-01,4.111583E-01,1.562176E+04,5.712367E+03,8.060386E-01,5.598244E-01,8.846735E+03,5.943833E+03,4.565057E-01,5.824768E-01
04:00:00,4.926348E+03,2.475085E+03,2.542522E-01,2.425160E-01,8.158745E+03,5.895817E+03,4.210683E-01,5.777047E-01,5.140050E+03,2.674919E+03,2.652792E-01,2.620989E-01,3.979740E+02,3.431298E+02,2.054110E-02,3.361905E-02,9.809205E+03,5.007759E+03,5.061325E-01,4.907706E-01,1.081855E+04,4.168884E+03,5.582000E-01,4.085636E-01,1.562176E+04,5.675648E+03,8.060386E-01,5.562259E-01,8.846735E+03,5.916785E+03,4.565057E-01,5.798262E-01
04:10:00,4.926348E+03,2.452574E+03,2.542522E-01,2.403103E-01,8.158745E+03,5.864011E+03,4.210683E-01,5.745882E-01,5.140050E+03,2.658248E+03,2.652792E-01,2.604654E-01,3.979740E+02,3.414647E+02,2.054110E-02,3.345590E-02,9.809205E+03,4.981539E+03,5.061325E-01,4.882009E-01,1.081855E+04,4.143170E+03,5.582000E-01,4.060435E-01,1.562176E+04,5.640029E+03,8.060386E-01,5.527352E-01,8.846735E+03,5.890401E+03,4.565057E-01,5.772407E-01
04:20:00,4.926348E+03,2.430608E+03,2.542522E-01,2.381579E-01,8.158745E+03,5.832965E+03,4.210683E-01,5.715462E-01,5.140050E+03,2.641976E+03,2.652792E-01,2.588710E-01,3.979740E+02,3.398255E+02,2.054110E-02,3.329530E-02,9.809205E+03,4.956088E+03,5.061325E-01,4.857067E-01,1.081855E+04,4.118244E+03,5.582000E-01,4.036007E-01,1.562176E+04,5.605572E+03,8.060386E-01,5.493584E-01,8.846735E+03,5.864688E+03,4.565057E-01,5.747209E-01
04:30:00,4.926348E+03,2.409178E+03,2.542522E-01,2.360582E-01,8.158745E+03,5.802676E+03,4.210683E-01,5.685783E-01,5.140050E+03,2.626101E+03,2.652792E-01,2.573156E-01,3.979741E+02,3.382121E+02,2.054110E-02,3.313722E-02,9.809205E+03,4.931414E+03,5.061325E-01,4.832886E-01,1.081855E+04,4.094128E+03,5.582000E-01,4.012373E-01,1.562176E+04,5.572306E+03,8.060386E-01,5.460984E-01,8.846735E+03,5.839659E+03,4.565057E-01,5.722681E-01
04:40:00,4.926348E+03,2.388706E+03,2.542522E-01,2.340523E-01,8.158745E+03,5.779839E+03,4.210683E-01,5.663406E-01,5.140050E+03,2.612580E+03,2.652792E-01,2.559907E-01,3.979741E+02,3.366257E+02,2.054110E-02,3.298179E-02,9.809205E+03,4.908113E+03,5.061325E-01,4.810051E-01,1.081855E+04,4.079202E+03,5.582000E-01,3.997745E-01,1.562176E+04,5.544354E+03,8.060386E-01,5.433591E-01,8.846735E+03,5.815413E+03,4.565057E-01,5.698921E-01
04:50:00,4.926348E+03,2.369362E+03,2.542522E-01,2.321569E-01,8.158745E+03,5.772978E+03,4.210683E-01,5.656684E-01,5.140050E+03,2.601831E+03,2.652792E-01,2.549375E-01,3.979741E+02,3.350872E+02,2.054110E-02,3.283105E-02,9.809205E+03,4.886810E+03,5.061325E-01,4.789173E-01,1.081855E+04,4.093333E+03,5.582000E-01,4.011596E-01,1.562176E+04,5.524426E+03,8.060386E-01,5.414062E-01,8.846735E+03,5.792484E+03,4.565057E-01,5.676451E-01
05:00:00,4.926348E+03,2.351457E+03,2.542522E-01,2.304025E-01,8.158745E+03,5.795868E+03,4.210683E-01,5.679115E-01,5.140050E+03,2.594437E+03,2.652792E-01,2.542131E-01,3.979741E+02,3.336336E+02,2.054110E-02,3.268863E-02,9.809205E+03,4.868314E+03,5.061325E-01,4.771047E-01,1.081855E+04,4.164193E+03,5.582000E-01,4.081049E-01,1.562176E+04,5.515219E+03,8.060386E-01,5.405042E-01,8.846735E+03,5.771682E+03,4.565057E-01,5.656066E-01
05:10:00,4.926348E+03,2.335644E+03,2.542522E-01,2.288531E-01,8.158745E+03,5.854276E+03,4.210683E-01,5.736351E-01,5.140050E+03,2.591041E+03,2.652792E-01,2.538804E-01,3.979741E+02,3.323118E+02,2.054110E-02,3.255913E-02,9.809205E+03,4.854708E+03,5.061325E-01,4.757714E-01,1.081855E+04,4.308471E+03,5.582000E-01,4.222468E-01,1.562176E+04,5.520468E+03,8.060386E-01,5.410189E-01,8.846735E+03,5.755124E+03,4.565057E-01,5.639841E-01
05:20:00,4.926348E+03,2.322359E+03,2.542522E-01,2.275514E-01,8.158745E+03,5.952174E+03,4.210683E-01,5.832284E-01,5.140050E+03,2.592317E+03,2.652792E-01,2.540054E-01,3.979741E+02,3.311704E+02,2.054111E-02,3.244729E-02,9.809205E+03,4.847165E+03,5.061325E-01,4.750323E-01,1.081855E+04,4.538365E+03,5.582000E-01,4.447811E-01,1.562176E+04,5.543283E+03,8.060386E-01,5.432554E-01,8.846735E+03,5.743961E+03,4.565057E-01,5.628903E-01
05:30:00,4.926348E+03,2.311852E+03,2.542522E-01,2.265220E-01,8.158745E+03,6.083667E+03,4.210683E-01,5.961138E-01,5.140050E+03,2.598139E+03,2.652792E-01,2.545760E-01,3.979741E+02,3.302542E+02,2.054111E-02,3.235752E-02,9.809205E+03,4.846721E+03,5.061325E-01,4.749890E-01,1.081855E+04,4.850311E+03,5.582000E-01,4.753587E-01,1.562176E+04,5.584989E+03,8.060386E-01,5.473433E-01,8.846735E+03,5.739393E+03,4.565057E-01,5.624427E-01
05:40:00,4.926348E+03,2.303933E+03,2.542522E-01,2.257461E-01,8.158745E+03,6.240640E+03,4.210683E-01,6.114961E-01,5.140050E+03,2.606525E+03,2.652792E-01,2.553978E-01,3.979741E+02,3.295952E+02,2.054111E-02,3.229295E-02,9.809205E+03,4.853822E+03,5.061325E-01,4.756853E-01,1.081855E+04,5.233970E+03,5.582000E-01,5.129658E-01,1.562176E+04,5.642703E+03,8.060386E-01,5.530004E-01,8.846735E+03,5.742452E+03,4.565057E-01,5.627428E-01
05:50:00,4.926348E+03,2.298622E+03,2.542522E-01,2.252257E-01,8.158745E+03,6.412865E+03,4.210683E-01,6.283730E-01,5.140050E+03,2.616974E+03,2.652792E-01,2.564218E-01,3.979741E+02,3.291960E+02,2.054111E-02,3.225385E-02,9.809205E+03,4.868835E+03,5.061325E-01,4.771570E-01,1.081855E+04,5.667642E+03,5.582000E-01,5.554749E-01,1.562176E+04,5.714899E+03,8.060386E-01,5.600769E-01,8.846735E+03,5.753622E+03,4.565057E-01,5.638377E-01
06:00:00,4.926348E+03,2.295762E+03,2.542522E-01,2.249456E-01,8.158745E+03,6.583328E+03,4.210683E-01,6.450773E-01,5.140050E+03,2.628911E+03,2.652792E-01,2.575915E-01,3.979741E+02,3.290376E+02,2.054111E-02,3.223833E-02,9.809205E+03,4.891857E+03,5.061325E-01,4.794137E-01,1.081855E+04,6.120968E+03,5.582000E-01,5.999098E-01,1.562176E+04,5.799889E+03,8.060386E-01,5.684072E-01,8.846735E+03,5.773010E+03,4.565057E-01,5.657382E-01
06:10:00,4.926348E+03,2.295256E+03,2.542522E-01,2.248961E-01,8.158745E+03,6.754453E+03,4.210683E-01,6.618464E-01,5.140050E+03,2.642531E+03,2.652792E-01,2.589262E-01,3.979741E+02,3.290863E+02,2.054111E-02,3.224310E-02,9.809205E+03,4.923295E+03,5.061325E-01,4.824952E-01,1.081855E+04,6.575820E+03,5.582000E-01,6.444930E-01,1.562176E+04,5.897539E+03,8.060386E-01,5.779785E-01,8.846735E+03,5.800847E+03,4.565057E-01,5.684665E-01
06:20:00,4.926348E+03,2.296724E+03,2.542522E-01,2.250400E-01,8.158745E+03,6.922703E+03,4.210683E-01,6.783332E-01,5.140050E+03,2.657316E+03,2.652792E-01,2.603750E-01,3.979741E+02,3.293026E+02,2.054111E-02,3.226429E-02,9.809205E+03,4.962761E+03,5.061325E-01,4.863637E-01,1.081855E+04,7.016681E+03,5.582000E-01,6.877028E-01,1.562176E+04,6.005738E+03,8.060386E-01,5.885835E-01,8.846735E+03,5.836819E+03,4.565057E-01,5.719922E-01
06:30:00,4.926348E+03,2.300357E+03,2.542522E-01,2.253960E-01,8.158745E+03,7.099334E+03,4.210683E-01,6.956407E-01,5.140050E+03,2.674993E+03,2.652792E-01,2.621072E-01,3.979741E+02,3.296511E+02,2.054111E-02,3.229843E-02,9.809205E+03,5.010400E+03,5.061325E-01,4.910331E-01,1.081855E+04,7.450824E+03,5.582000E-01,7.302521E-01,1.562176E+04,6.127949E+03,8.060386E-01,6.005617E-01,8.846735E+03,5.880525E+03,4.565057E-01,5.762758E-01
06:40:00,4.926348E+03,2.305805E+03,2.542522E-01,2.259299E-01,8.158745E+03,7.280895E+03,4.210683E-01,7.134311E-01,5.140050E+03,2.694611E+03,2.652792E-01,2.640296E-01,3.979741E+02,3.301113E+02,2.054111E-02,3.234353E-02,9.809205E+03,5.065491E+03,5.061325E-01,4.964329E-01,1.081855E+04,7.872711E+03,5.582000E-01,7.715986E-01,1.562176E+04,6.261628E+03,8.060386E-01,6.136639E-01,8.846735E+03,5.931603E+03,4.565057E-01,5.812819E-01
06:50:00,4.926348E+03,2.312846E+03,2.542522E-01,2.266198E-01,8.158745E+03,7.466337E+03,4.210683E-01,7.316016E-01,5.140050E+03,2.716036E+03,2.652792E-01,2.661289E-01,3.979741E+02,3.306641E+02,2.054111E-02,3.239769E-02,9.809205E+03,5.127333E+03,5.061325E-01,5.024942E-01,1.081855E+04,8.278146E+03,5.582000E-01,8.113316E-01,1.562176E+04,6.404905E+03,8.060386E-01,6.277068E-01,8.846735E+03,5.989614E+03,4.565057E-01,5.869674E-01
07:00:00,4.926348E+03,2.321279E+03,2.542522E-01,2.274462E-01,8.158745E+03,7.656946E+03,4.210683E-01,7.502780E-01,5.140050E+03,2.739243E+03,2.652792E-01,2.684029E-01,3.979741E+02,3.312886E+02,2.054111E-02,3.245887E-02,9.809205E+03,5.195281E+03,5.061325E-01,5.091540E-01,1.081855E+04,8.664865E+03,5.582000E-01,8.492296E-01,1.562176E+04,6.557085E+03,8.060386E-01,6.426220E-01,8.846735E+03,6.054126E+03,4.565057E-01,5.932900E-01
07:10:00,4.926348E+03,2.331352E+03,2.542522E-01,2.284333E-01,8.158745E+03,7.845407E+03,4.210683E-01,7.687437E-01,5.140050E+03,2.764716E+03,2.652792E-01,2.708989E-01,3.979741E+02,3.319656E+02,2.054111E-02,3.252520E-02,9.809205E+03,5.270327E+03,5.061325E-01,5.165095E-01,1.081855E+04,9.033470E+03,5.582000E-01,8.853518E-01,1.562176E+04,6.720059E+03,8.060386E-01,6.585951E-01,8.846735E+03,6.126083E+03,4.565057E-01,6.003421E-01
07:20:00,4.926348E+03,2.341838E+03,2.542522E-01,2.294608E-01,8.158745E+03,8.027594E+03,4.210683E-01,7.865949E-01,5.140050E+03,2.791552E+03,2.652792E-01,2.735285E-01,3.979741E+02,3.326801E+02,2.054111E-02,3.259521E-02,9.809205E+03,5.347477E+03,5.061325E-01,5.240715E-01,1.081855E+04,9.378896E+03,5.582000E-01,9.192030E-01,1.562176E+04,6.888205E+03,8.060386E-01,6.750758E-01,8.846735E+03,6.200868E+03,4.565057E-01,6.076718E-01
07:30:00,4.926348E+03,2.352214E+03,2.542522E-01,2.304774E-01,8.158745E+03,8.195970E+03,4.210683E-01,8.030918E-01,5.140050E+03,2.818188E+03,2.652792E-01,2.761383E-01,3.979741E+02,3.334163E+02,2.054111E-02,3.266734E-02,9.809205E+03,5.426020E+03,5.061325E-01,5.317677E-01,1.081855E+04,9.693121E+03,5.582000E-01,9.499884E-01,1.562176E+04,7.057477E+03,8.060386E-01,6.916630E-01,8.846735E+03,6.278376E+03,4.565057E-01,6.152663E-01
07:40:00,4.926348E+03,2.362463E+03,2.542522E-01,2.314816E-01,8.158745E+03,8.353622E+03,4.210683E-01,8.185362E-01,5.140050E+03,2.845802E+03,2.652792E-01,2.788437E-01,3.979741E+02,3.341540E+02,2.054111E-02,3.273962E-02,9.809205E+03,5.505715E+03,5.061325E-01,5.395730E-01,1.081855E+04,9.979127E+03,5.582000E-01,9.779969E-01,1.562176E+04,7.230225E+03,8.060386E-01,7.085854E-01,8.846735E+03,6.358195E+03,4.565057E-01,6.230842E-01
07:50:00,4.926348E+03,2.372476E+03,2.542522E-01,2.324624E-01,8.158745E+03,8.503408E+03,4.210683E-01,8.332082E-01,5.140050E+03,2.875521E+03,2.652792E-01,2.817550E-01,3.979741E+02,3.348827E+02,2.054111E-02,3.281102E-02,9.809205E+03,5.586241E+03,5.061325E-01,5.474562E-01,1.081855E+04,1.023912E+04,5.582000E-01,1.003447E+00,1.562176E+04,7.410842E+03,8.060386E-01,7.262733E-01,8.846735E+03,6.440004E+03,4.565057E-01,6.310940E-01
08:00:00,4.926348E+03,2.382166E+03,2.542522E-01,2.334115E-01,8.158745E+03,8.647040E+03,4.210683E-01,8.472759E-01,5.140050E+03,2.908148E+03,2.652792E-01,2.849508E-01,3.979741E+02,3.356026E+02,2.054111E-02,3.288155E-02,9.809205E+03,5.667234E+03,5.061325E-01,5.553822E-01,1.081855E+04,1.047426E+04,5.582000E-01,1.026456E+00,1.562176E+04,7.602584E+03,8.060386E-01,7.450471E-01,8.846735E+03,6.523507E+03,4.565057E-01,6.392673E-01
08:10:00,4.926348E+03,4.367181E+03,2.542522E-01,4.279067E-01,8.158745E+03,1.118317E+04,4.210683E-01,1.095763E+00,5.140050E+03,4.172685E+03,2.652792E-01,4.088514E-01,3.979741E+02,3.533558E+02,2.054111E-02,3.462097E-02,9.809205E+03,6.786264E+03,5.061325E-01,6.650232E-01,1.081855E+04,1.183364E+04,5.582000E-01,1.159621E+00,1.562176E+04,8.838548E+03,8.060386E-01,8.661405E-01,8.846735E+03,7.176329E+03,4.565057E-01,7.032250E-01
08:20:00,4.926348E+03,6.381022E+03,2.542522E-01,6.252648E-01,8.158745E+03,1.378714E+04,4.210683E-01,1.350911E+00,5.140050E+03,5.460029E+03,2.652792E-01,5.349990E-01,3.979741E+02,3.726752E+02,2.054111E-02,3.651383E-02,9.809205E+03,7.972193E+03,5.061325E-01,7.812352E-01,1.081855E+04,1.325061E+04,5.582000E-01,1.298438E+00,1.562176E+04,1.016264E+04,8.060386E-01,9.958813E-01,8.846735E+03,7.876999E+03,4.565057E-01,7.718754E-01
08:30:00,4.926348E+03,8.409131E+03,2.542522E-01,8.240761E-01,8.158745E+03,1.641056E+04,4.210683E-01,1.608065E+00,5.140050E+03,6.760277E+03,2.652792E-01,6.624516E-01,3.979741E+02,3.937343E+02,2.054111E-02,3.857716E-02,9.809205E+03,9.194678E+03,5.061325E-01,9.010616E-01,1.081855E+04,1.468262E+04,5.582000E-01,1.438818E+00,1.562176E+04,1.154394E+04,8.060386E-01,1.131260E+00,8.846735E+03,8.607958E+03,4.565057E-01,8.435006E-01
08:40:00,4.926348E+03,1.044853E+04,2.542522E-01,1.024066E+00,8.158745E+03,1.905122E+04,4.210683E-01,1.867043E+00,5.140050E+03,8.071879E+03,2.652792E-01,7.910735E-01,3.979741E+02,4.164783E+02,2.054111E-02,4.080556E-02,9.809205E+03,1.044442E+04,5.061325E-01,1.023603E+00,1.081855E+04,1.611901E+04,5.582000E-01,1.579739E+00,1.562176E+04,1.297428E+04,8.060386E-01,1.271492E+00,8.846735E+03,9.363093E+03,4.565057E-01,9.175053E-01
08:50:00,4.926348E+03,1.249816E+04,2.542522E-01,1.225119E+00,8.158745E+03,2.170566E+04,4.210683E-01,2.127478E+00,5.140050E+03,9.393516E+03,2.652792E-01,9.207263E-01,3.979741E+02,4.407316E+02,2.054111E-02,4.318184E-02,9.809205E+03,1.171562E+04,5.061325E-01,1.148282E+00,1.081855E+04,1.755307E+04,5.582000E-01,1.720508E+00,1.562176E+04,1.444613E+04,8.060386E-01,1.415830E+00,8.846735E+03,1.013802E+04,4.565057E-01,9.934589E-01
09:00:00,4.926348E+03,1.455758E+04,2.542522E-01,1.427171E+00,8.158745E+03,2.436886E+04,4.210683E-01,2.388823E+00,5.140050E+03,1.072530E+04,2.652792E-01,1.051403E+00,3.979741E+02,4.663108E+02,2.054111E-02,4.568803E-02,9.809205E+03,1.300501E+04,5.061325E-01,1.274764E+00,1.081855E+04,1.897690E+04,5.582000E-01,1.860304E+00,1.562176E+04,1.595668E+04,8.060386E-01,1.563983E+00,8.846735E+03,1.092947E+04,4.565057E-01,1.071039E+00
09:10:00,4.926348E+03,1.464884E+04,2.542522E-01,1.436399E+00,8.158745E+03,2.463868E+04,4.210683E-01,2.415681E+00,5.140050E+03,1.083492E+04,2.652792E-01,1.062346E+00,3.979741E+02,4.760164E+02,2.054111E-02,4.663897E-02,9.809205E+03,1.326744E+04,5.061325E-01,1.300624E+00,1.081855E+04,1.923665E+04,5.582000E-01,1.886040E+00,1.562176E+04,1.646246E+04,8.060386E-01,1.613693E+00,8.846735E+03,1.116355E+04,4.565057E-01,1.094008E+00
09:20:00,4.926348E+03,1.471864E+04,2.542522E-01,1.443497E+00,8.158745E+03,2.484061E+04,4.210683E-01,2.435878E+00,5.140050E+03,1.093147E+04,2.652792E-01,1.072003E+00,3.979741E+02,4.851809E+02,2.054111E-02,4.753688E-02,9.809205E+03,1.347558E+04,5.061325E-01,1.321149E+00,1.081855E+04,1.940200E+04,5.582000E-01,1.902516E+00,1.562176E+04,1.692175E+04,8.060386E-01,1.658837E+00,8.846735E+03,1.136343E+04,4.565057E-01,1.113623E+00
09:30:00,4.926348E+03,1.478086E+04,2.542522E-01,1.449802E+00,8.158745E+03,2.502195E+04,4.210683E-01,2.453959E+00,5.140050E+03,1.102417E+04,2.652792E-01,1.081246E+00,3.979741E+02,4.935174E+02,2.054111E-02,4.835367E-02,9.809205E+03,1.365720E+04,5.061325E-01,1.339047E+00,1.081855E+04,1.951436E+04,5.582000E-01,1.913716E+00,1.562176E+04,1.736296E+04,8.060386E-01,1.702182E+00,8.846735E+03,1.154420E+04,4.565057E-01,1.131361E+00
09:40:00,4.926348E+03,1.483796E+04,2.542522E-01,1.455536E+00,8.158745E+03,2.518348E+04,4.210683E-01,2.469966E+00,5.140050E+03,1.111363E+04,2.652792E-01,1.090119E+00,3.979741E+02,5.009877E+02,2.054111E-02,4.908559E-02,9.809205E+03,1.381977E+04,5.061325E-01,1.355039E+00,1.081855E+04,1.958367E+04,5.582000E-01,1.920596E+00,1.562176E+04,1.779153E+04,8.060386E-01,1.744249E+00,8.846735E+03,1.171012E+04,4.565057E-01,1.147636E+00
09:50:00,4.926348E+03,1.489061E+04,2.542522E-01,1.460775E+00,8.158745E+03,2.532538E+04,4.210683E-01,2.483948E+00,5.140050E+03,1.119954E+04,2.652792E-01,1.098599E+00,3.979741E+02,5.076895E+02,2.054111E-02,4.974222E-02,9.809205E+03,1.396769E+04,5.061325E-01,1.369563E+00,1.081855E+04,1.961556E+04,5.582000E-01,1.923742E+00,1.562176E+04,1.820943E+04,8.060386E-01,1.785240E+00,8.846735E+03,1.186397E+04,4.565057E-01,1.162722E+00
10:00:00,4.926348E+03,1.493892E+04,2.542522E-01,1.465552E+00,8.158745E+03,2.544972E+04,4.210683E-01,2.496158E+00,5.140050E+03,1.128283E+04,2.652792E-01,1.106796E+00,3.979741E+02,5.137388E+02,2.054111E-02,5.033491E-02,9.809205E+03,1.410303E+04,5.061325E-01,1.382838E+00,1.081855E+04,1.961700E+04,5.582000E-01,1.923880E+00,1.562176E+04,1.861413E+04,8.060386E-01,1.824918E+00,8.846735E+03,1.200765E+04,4.565057E-01,1.176808E+00
10:10:00,4.926348E+03,1.498381E+04,2.542522E-01,1.469973E+00,8.158745E+03,2.555528E+04,4.210683E-01,2.506510E+00,5.140050E+03,1.136499E+04,2.652792E-01,1.114863E+00,3.979741E+02,5.192379E+02,2.054111E-02,5.087370E-02,9.809205E+03,1.422814E+04,5.061325E-01,1.395105E+00,1.081855E+04,1.958852E+04,5.582000E-01,1.921081E+00,1.562176E+04,1.900704E+04,8.060386E-01,1.863435E+00,8.846735E+03,1.214254E+04,4.565057E-01,1.190029E+00
10:20:00,4.926348E+03,1.502587E+04,2.542522E-01,1.474108E+00,8.158745E+03,2.564203E+04,4.210683E-01,2.515013E+00,5.140050E+03,1.144640E+04,2.652792E-01,1.122847E+00,3.979741E+02,5.242749E+02,2.054111E-02,5.136721E-02,9.809205E+03,1.434464E+04,5.061325E-01,1.406525E+00,1.081855E+04,1.953158E+04,5.582000E-01,1.915494E+00,1.562176E+04,1.938811E+04,8.060386E-01,1.900788E+00,8.846735E+03,1.226965E+04,4.565057E-01,1.202487E+00
10:30:00,4.926348E+03,1.506558E+04,2.542522E-01,1.478008E+00,8.158745E+03,2.571059E+04,4.210683E-01,2.521733E+00,5.140050E+03,1.152747E+04,2.652792E-01,1.130793E+00,3.979741E+02,5.289233E+02,2.054111E-02,5.182265E-02,9.809205E+03,1.445366E+04,5.061325E-01,1.417212E+00,1.081855E+04,1.944849E+04,5.582000E-01,1.907341E+00,1.562176E+04,1.975642E+04,8.060386E-01,1.936891E+00,8.846735E+03,1.238976E+04,4.565057E-01,1.214258E+00
10:40:00,4.926349E+03,1.510331E+04,2.542522E-01,1.481711E+00,8.158745E+03,2.576189E+04,4.210683E-01,2.526761E+00,5.140050E+03,1.160862E+04,2.652792E-01,1.138742E+00,3.979741E+02,5.332430E+02,2.054111E-02,5.224589E-02,9.809205E+03,1.455607E+04,5.061325E-01,1.427251E+00,1.081855E+04,1.934204E+04,5.582000E-01,1.896899E+00,1.562176E+04,2.011085E+04,8.060386E-01,1.971633E+00,8.846735E+03,1.250347E+04,4.565057E-01,1.225401E+00
10:50:00,4.926349E+03,1.513933E+04,2.542522E-01,1.485246E+00,8.158745E+03,2.579725E+04,4.210683E-01,2.530224E+00,5.140050E+03,1.169012E+04,2.652792E-01,1.146724E+00,3.979741E+02,5.372819E+02,2.054111E-02,5.264161E-02,9.809205E+03,1.465252E+04,5.061325E-01,1.436706E+00,1.081855E+04,1.921565E+04,5.582000E-01,1.884501E+00,1.562176E+04,2.045029E+04,8.060386E-01,2.004905E+00,8.846735E+03,1.261122E+04,4.565057E-01,1.235960E+00
11:00:00,4.926349E+03,1.517387E+04,2.542522E-01,1.488634E+00,8.158745E+03,2.581854E+04,4.210683E-01,2.532307E+00,5.140050E+03,1.176970E+04,2.652792E-01,1.154513E+00,3.979741E+02,5.410790E+02,2.054111E-02,5.301364E-02,9.809205E+03,1.474353E+04,5.061325E-01,1.445627E+00,1.081855E+04,1.907352E+04,5.582000E-01,1.870560E+00,1.562176E+04,2.077340E+04,8.060386E-01,2.036575E+00,8.846735E+03,1.271334E+04,4.565057E-01,1.245968E+00
11:10:00,4.926349E+03,1.520696E+04,2.542522E-01,1.491879E+00,8.158745E+03,2.582716E+04,4.210683E-01,2.533149E+00,5.140050E+03,1.184640E+04,2.652792E-01,1.162025E+00,3.979741E+02,5.446666E+02,2.054111E-02,5.336515E-02,9.809205E+03,1.482909E+04,5.061325E-01,1.454014E+00,1.081855E+04,1.891966E+04,5.582000E-01,1.855469E+00,1.562176E+04,2.107771E+04,8.060386E-01,2.066403E+00,8.846735E+03,1.280981E+04,4.565057E-01,1.255421E+00
11:20:00,4.926349E+03,1.523875E+04,2.542522E-01,1.494998E+00,8.158745E+03,2.582591E+04,4.210683E-01,2.533022E+00,5.140050E+03,1.192002E+04,2.652792E-01,1.169236E+00,3.979741E+02,5.480717E+02,2.054111E-02,5.369877E-02,9.809205E+03,1.490948E+04,5.061325E-01,1.461894E+00,1.081855E+04,1.875940E+04,5.582000E-01,1.839752E+00,1.562176E+04,2.136193E+04,8.060386E-01,2.094262E+00,8.846735E+03,1.290075E+04,4.565057E-01,1.264333E+00
11:30:00,4.926349E+03,1.526939E+04,2.542522E-01,1.498002E+00,8.158745E+03,2.581818E+04,4.210683E-01,2.532262E+00,5.140050E+03,1.199015E+04,2.652792E-01,1.176107E+00,3.979741E+02,5.513176E+02,2.054111E-02,5.401680E-02,9.809205E+03,1.498490E+04,5.061325E-01,1.469286E+00,1.081855E+04,1.859877E+04,5.582000E-01,1.824000E+00,1.562176E+04,2.162493E+04,8.060386E-01,2.120040E+00,8.846735E+03,1.298623E+04,4.565057E-01,1.272710E+00
11:40:00,4.926349E+03,1.529898E+04,2.542522E-01,1.500903E+00,8.158745E+03,2.580793E+04,4.210683E-01,2.531254E+00,5.140050E+03,1.205648E+04,2.652792E-01,1.182606E+00,3.979741E+02,5.544234E+02,2.054111E-02,5.432110E-02,9.809205E+03,1.505543E+04,5.061325E-01,1.476200E+00,1.081855E+04,1.844450E+04,5.582000E-01,1.808871E+00,1.562176E+04,2.186555E+04,8.060386E-01,2.143623E+00,8.846735E+03,1.306620E+04,4.565057E-01,1.280546E+00
11:50:00,4.926349E+03,1.532763E+04,2.542522E-01,1.503713E+00,8.158745E+03,2.579956E+04,4.210683E-01,2.530433E+00,5.140050E+03,1.211873E+04,2.652792E-01,1.188705E+00,3.979741E+02,5.574083E+02,2.054111E-02,5.461354E-02,9.809205E+03,1.512124E+04,5.061325E-01,1.482651E+00,1.081855E+04,1.830354E+04,5.582000E-01,1.795049E+00,1.562176E+04,2.208304E+04,8.060386E-01,2.164940E+00,8.846735E+03,1.314076E+04,4.565057E-01,1.287853E+00
12:00:00,4.926349E+03,1.535558E+04,2.542522E-01,1.506454E+00,8.158745E+03,2.579872E+04,4.210683E-01,2.530350E+00,5.140050E+03,1.217711E+04,2.652792E-01,1.194425E+00,3.979741E+02,5.602902E+02,2.054111E-02,5.489591E-02,9.809205E+03,1.518272E+04,5.061325E-01,1.488677E+00,1.081855E+04,1.818380E+04,5.582000E-01,1.783309E+00,1.562176E+04,2.227729E+04,8.060386E-01,2.183978E+00,8.846735E+03,1.321000E+04,4.565057E-01,1.294637E+00
12:10:00,4.926349E+03,1.538437E+04,2.542522E-01,1.509277E+00,8.158745E+03,2.580985E+04,4.210683E-01,2.531441E+00,5.140050E+03,1.223546E+04,2.652792E-01,1.200144E+00,3.979741E+02,5.630905E+02,2.054111E-02,5.517027E-02,9.809205E+03,1.524223E+04,5.061325E-01,1.494511E+00,1.081855E+04,1.809164E+04,5.582000E-01,1.774275E+00,1.562176E+04,2.245387E+04,8.060386E-01,2.201284E+00,8.846735E+03,1.327431E+04,4.565057E-01,1.300940E+00
12:20:00,4.926349E+03,1.541525E+04,2.542522E-01,1.512305E+00,8.158745E+03,2.583227E+04,4.210683E-01,2.533642E+00,5.140050E+03,1.229707E+04,2.652792E-01,1.206182E+00,3.979741E+02,5.658388E+02,2.054111E-02,5.543955E-02,9.809205E+03,1.530203E+04,5.061325E-01,1.500372E+00,1.081855E+04,1.802730E+04,5.582000E-01,1.767970E+00,1.562176E+04,2.261800E+04,8.060386E-01,2.217370E+00,8.846735E+03,1.333395E+04,4.565057E-01,1.306784E+00
12:30:00,4.926349E+03,1.544928E+04,2.542522E-01,1.515644E+00,8.158745E+03,2.586379E+04,4.210683E-01,2.536734E+00,5.140050E+03,1.236480E+04,2.652792E-01,1.212822E+00,3.979741E+02,5.685702E+02,2.054111E-02,5.570716E-02,9.809205E+03,1.536421E+04,5.061325E-01,1.506468E+00,1.081855E+04,1.798825E+04,5.582000E-01,1.764146E+00,1.562176E+04,2.277454E+04,8.060386E-01,2.232713E+00,8.846735E+03,1.338922E+04,4.565057E-01,1.312200E+00
12:40:00,4.926349E+03,1.548731E+04,2.542522E-01,1.519374E+00,8.158745E+03,2.590140E+04,4.210683E-01,2.540424E+00,5.140050E+03,1.244111E+04,2.652792E-01,1.220304E+00,3.979741E+02,5.713220E+02,2.054111E-02,5.597678E-02,9.809205E+03,1.543079E+04,5.061325E-01,1.512995E+00,1.081855E+04,1.797006E+04,5.582000E-01,1.762367E+00,1.562176E+04,2.292816E+04,8.060386E-01,2.247770E+00,8.846735E+03,1.344056E+04,4.565057E-01,1.317231E+00
12:50:00,4.926349E+03,1.553000E+04,2.542522E-01,1.523563E+00,8.158745E+03,2.594091E+04,4.210683E-01,2.544300E+00,5.140050E+03,1.252822E+04,2.652792E-01,1.228846E+00,3.979741E+02,5.741293E+02,2.054111E-02,5.625183E-02,9.809205E+03,1.550346E+04,5.061325E-01,1.520120E+00,1.081855E+04,1.796682E+04,5.582000E-01,1.762054E+00,1.562176E+04,2.308301E+04,8.060386E-01,2.262949E+00,8.846735E+03,1.348826E+04,4.565057E-01,1.321905E+00
13:00:00,4.926349E+03,1.557773E+04,2.542522E-01,1.528246E+00,8.158745E+03,2.597652E+04,4.210683E-01,2.547793E+00,5.140050E+03,1.262748E+04,2.652792E-01,1.238579E+00,3.979741E+02,5.770249E+02,2.054111E-02,5.653553E-02,9.809205E+03,1.558346E+04,5.061325E-01,1.527964E+00,1.081855E+04,1.797046E+04,5.582000E-01,1.762414E+00,1.562176E+04,2.324198E+04,8.060386E-01,2.278532E+00,8.846735E+03,1.353258E+04,4.565057E-01,1.326248E+00
13:10:00,4.926349E+03,1.562953E+04,2.542522E-01,1.533329E+00,8.158745E+03,2.600356E+04,4.210683E-01,2.550444E+00,5.140050E+03,1.273664E+04,2.652792E-01,1.249284E+00,3.979741E+02,5.800346E+02,2.054111E-02,5.683042E-02,9.809205E+03,1.567004E+04,5.061325E-01,1.536453E+00,1.081855E+04,1.797384E+04,5.582000E-01,1.762748E+00,1.562176E+04,2.340287E+04,8.060386E-01,2.294303E+00,8.846735E+03,1.357368E+04,4.565057E-01,1.330276E+00
13:20:00,4.926349E+03,1.568445E+04,2.542522E-01,1.538718E+00,8.158745E+03,2.602117E+04,4.210683E-01,2.552170E+00,5.140050E+03,1.285343E+04,2.652792E-01,1.260737E+00,3.979741E+02,5.831706E+02,2.054111E-02,5.713768E-02,9.809205E+03,1.576203E+04,5.061325E-01,1.545472E+00,1.081855E+04,1.797419E+04,5.582000E-01,1.762784E+00,1.562176E+04,2.356255E+04,8.060386E-01,2.309956E+00,8.846735E+03,1.361169E+04,4.565057E-01,1.334000E+00
13:30:00,4.926349E+03,1.574159E+04,2.542522E-01,1.544325E+00,8.158745E+03,2.602925E+04,4.210683E-01,2.552960E+00,5.140050E+03,1.297559E+04,2.652792E-01,1.272716E+00,3.979741E+02,5.864342E+02,2.054111E-02,5.745744E-02,9.809205E+03,1.585814E+04,5.061325E-01,1.554896E+00,1.081855E+04,1.797019E+04,5.582000E-01,1.762392E+00,1.562176E+04,2.371782E+04,8.060386E-01,2.325176E+00,8.846735E+03,1.364664E+04,4.565057E-01,1.337424E+00
13:40:00,4.926349E+03,1.580022E+04,2.542522E-01,1.550077E+00,8.158745E+03,2.602753E+04,4.210683E-01,2.552789E+00,5.140050E+03,1.310108E+04,2.652792E-01,1.285020E+00,3.979741E+02,5.898187E+02,2.054111E-02,5.778904E-02,9.809205E+03,1.595699E+04,5.061325E-01,1.564588E+00,1.081855E+04,1.796091E+04,5.582000E-01,1.761481E+00,1.562176E+04,2.386522E+04,8.060386E-01,2.339624E+00,8.846735E+03,1.367850E+04,4.565057E-01,1.340547E+00
13:50:00,4.926349E+03,1.585962E+04,2.542522E-01,1.555905E+00,8.158745E+03,2.601627E+04,4.210683E-01,2.551682E+00,5.140050E+03,1.322781E+04,2.652792E-01,1.297446E+00,3.979741E+02,5.933108E+02,2.054111E-02,5.813119E-02,9.809205E+03,1.605707E+04,5.061325E-01,1.574400E+00,1.081855E+04,1.794578E+04,5.582000E-01,1.759997E+00,1.562176E+04,2.400134E+04,8.060386E-01,2.352967E+00,8.846735E+03,1.370721E+04,4.565057E-01,1.343360E+00
14:00:00,4.926349E+03,1.591914E+04,2.542522E-01,1.561746E+00,8.158745E+03,2.599559E+04,4.210683E-01,2.549652E+00,5.140050E+03,1.335388E+04,2.652792E-01,1.309807E+00,3.979741E+02,5.968916E+02,2.054111E-02,5.848203E-02,9.809205E+03,1.615695E+04,5.061325E-01,1.584192E+00,1.081855E+04,1.792452E+04,5.582000E-01,1.757911E+00,1.562176E+04,2.412329E+04,8.060386E-01,2.364921E+00,8.846735E+03,1.373264E+04,4.565057E-01,1.345852E+00
14:10:00,4.926349E+03,1.597810E+04,2.542522E-01,1.567531E+00,8.158745E+03,2.596518E+04,4.210683E-01,2.546668E+00,5.140050E+03,1.347706E+04,2.652792E-01,1.321883E+00,3.979741E+02,6.005376E+02,2.054111E-02,5.883926E-02,9.809205E+03,1.625492E+04,5.061325E-01,1.593797E+00,1.081855E+04,1.789637E+04,5.582000E-01,1.755149E+00,1.562176E+04,2.422744E+04,8.060386E-01,2.375128E+00,8.846735E+03,1.375449E+04,4.565057E-01,1.347993E+00
14:20:00,4.926349E+03,1.603597E+04,2.542522E-01,1.573209E+00,8.158745E+03,2.592539E+04,4.210683E-01,2.542765E+00,5.140050E+03,1.359563E+04,2.652792E-01,1.333507E+00,3.979741E+02,6.042219E+02,2.054111E-02,5.920024E-02,9.809205E+03,1.634960E+04,5.061325E-01,1.603079E+00,1.081855E+04,1.786113E+04,5.582000E-01,1.751693E+00,1.562176E+04,2.431136E+04,8.060386E-01,2.383353E+00,8.846735E+03,1.377254E+04,4.565057E-01,1.349761E+00
14:30:00,4.926349E+03,1.609234E+04,2.542522E-01,1.578739E+00,8.158745E+03,2.587670E+04,4.210683E-01,2.537988E+00,5.140050E+03,1.370819E+04,2.652792E-01,1.344541E+00,3.979741E+02,6.079159E+02,2.054111E-02,5.956216E-02,9.809205E+03,1.643972E+04,5.061325E-01,1.611913E+00,1.081855E+04,1.781874E+04,5.582000E-01,1.747535E+00,1.562176E+04,2.437325E+04,8.060386E-01,2.389417E+00,8.846735E+03,1.378658E+04,4.565057E-01,1.351137E+00
14:40:00,4.926349E+03,1.614678E+04,2.542522E-01,1.584081E+00,8.158745E+03,2.581980E+04,4.210683E-01,2.532406E+00,5.140050E+03,1.381353E+04,2.652792E-01,1.354867E+00,3.979741E+02,6.115906E+02,2.054111E-02,5.992221E-02,9.809205E+03,1.652416E+04,5.061325E-01,1.620191E+00,1.081855E+04,1.776929E+04,5.582000E-01,1.742684E+00,1.562176E+04,2.441210E+04,8.060386E-01,2.393223E+00,8.846735E+03,1.379641E+04,4.565057E-01,1.352100E+00
14:50:00,4.926349E+03,1.619899E+04,2.542522E-01,1.589204E+00,8.158745E+03,2.575533E+04,4.210683E-01,2.526083E+00,5.140050E+03,1.391069E+04,2.652792E-01,1.364390E+00,3.979741E+02,6.152185E+02,2.054111E-02,6.027765E-02,9.809205E+03,1.660200E+04,5.061325E-01,1.627821E+00,1.081855E+04,1.771293E+04,5.582000E-01,1.737156E+00,1.562176E+04,2.442738E+04,8.060386E-01,2.394718E+00,8.846735E+03,1.380186E+04,4.565057E-01,1.352634E+00
15:00:00,4.926349E+03,1.624870E+04,2.542522E-01,1.594081E+00,8.158746E+03,2.568415E+04,4.210683E-01,2.519102E+00,5.140050E+03,1.399901E+04,2.652792E-01,1.373047E+00,3.979741E+02,6.187737E+02,2.054111E-02,6.062598E-02,9.809205E+03,1.667244E+04,5.061325E-01,1.634726E+00,1.081855E+04,1.764990E+04,5.582000E-01,1.730974E+00,1.562176E+04,2.441916E+04,8.060386E-01,2.393910E+00,8.846735E+03,1.380279E+04,4.565057E-01,1.352725E+00
15:10:00,4.926349E+03,1.984828E+04,2.542522E-01,1.947218E+00,8.158746E+03,2.560435E+04,4.210683E-01,2.511275E+00,5.140050E+03,1.408015E+04,2.652792E-01,1.380999E+00,3.979741E+02,6.225639E+02,2.054111E-02,6.099734E-02,9.809205E+03,1.673591E+04,5.061325E-01,1.640947E+00,1.081855E+04,1.757680E+04,5.582000E-01,1.723804E+00,1.562176E+04,2.438874E+04,8.060386E-01,2.390924E+00,8.846735E+03,1.379898E+04,4.565057E-01,1.352351E+00
15:20:00,4.926349E+03,2.350109E+04,2.542522E-01,2.306230E+00,8.158746E+03,2.552158E+04,4.210683E-01,2.503158E+00,5.140050E+03,1.415355E+04,2.652792E-01,1.388192E+00,3.979741E+02,6.274798E+02,2.054111E-02,6.147899E-02,9.809205E+03,1.679158E+04,5.061325E-01,1.646403E+00,1.081855E+04,1.749598E+04,5.582000E-01,1.715878E+00,1.562176E+04,2.433655E+04,8.060386E-01,2.385806E+00,8.846735E+03,1.379059E+04,4.565057E-01,1.351529E+00
15:30:00,4.926349E+03,2.718017E+04,2.542522E-01,2.668157E+00,8.158746E+03,2.543841E+04,4.210683E-01,2.495002E+00,5.140050E+03,1.421928E+04,2.652792E-01,1.394634E+00,3.979741E+02,6.338724E+02,2.054111E-02,6.210532E-02,9.809205E+03,1.683950E+04,5.061325E-01,1.651100E+00,1.081855E+04,1.740866E+04,5.582000E-01,1.707313E+00,1.562176E+04,2.426397E+04,8.060386E-01,2.378689E+00,8.846735E+03,1.377799E+04,4.565057E-01,1.350294E+00
15:40:00,4.926349E+03,3.087657E+04,2.542522E-01,3.032034E+00,8.158746E+03,2.535571E+04,4.210683E-01,2.486893E+00,5.140050E+03,1.427727E+04,2.652792E-01,1.400317E+00,3.979741E+02,6.416095E+02,2.054111E-02,6.286338E-02,9.809205E+03,1.687989E+04,5.061325E-01,1.655058E+00,1.081855E+04,1.731555E+04,5.582000E-01,1.698182E+00,1.562176E+04,2.417277E+04,8.060386E-01,2.369746E+00,8.846735E+03,1.376151E+04,4.565057E-01,1.348678E+00
15:50:00,4.926349E+03,3.458757E+04,2.542522E-01,3.397480E+00,8.158746E+03,2.527426E+04,4.210683E-01,2.478907E+00,5.140050E+03,1.432741E+04,2.652792E-01,1.405230E+00,3.979741E+02,6.504510E+02,2.054111E-02,6.372965E-02,9.809205E+03,1.691283E+04,5.061325E-01,1.658286E+00,1.081855E+04,1.721741E+04,5.582000E-01,1.688557E+00,1.562176E+04,2.406524E+04,8.060386E-01,2.359203E+00,8.846735E+03,1.374141E+04,4.565057E-01,1.346708E+00
16:00:00,4.926349E+03,3.831051E+04,2.542522E-01,3.764143E+00,8.158746E+03,2.519503E+04,4.210683E-01,2.471139E+00,5.140050E+03,1.436975E+04,2.652792E-01,1.409379E+00,3.979741E+02,6.601710E+02,2.054111E-02,6.468199E-02,9.809205E+03,1.693829E+04,5.061325E-01,1.660781E+00,1.081855E+04,1.711497E+04,5.582000E-01,1.678511E+00,1.562176E+04,2.394354E+04,8.060386E-01,2.347271E+00,8.846735E+03,1.371792E+04,4.565057E-01,1.344405E+00
16:10:00,4.926349E+03,3.805078E+04,2.542522E-01,3.739993E+00,8.158746E+03,2.512271E+04,4.210683E-01,2.464048E+00,5.140050E+03,1.350517E+04,2.652792E-01,1.324578E+00,3.979741E+02,6.701491E+02,2.054111E-02,6.565962E-02,9.809205E+03,1.629995E+04,5.061325E-01,1.598191E+00,1.081855E+04,1.620026E+04,5.582000E-01,1.588803E+00,1.562176E+04,2.322659E+04,8.060386E-01,2.276985E+00,8.846735E+03,1.341125E+04,4.565057E-01,1.314351E+00
16:20:00,4.926349E+03,3.773552E+04,2.542522E-01,3.709643E+00,8.158746E+03,2.505371E+04,4.210683E-01,2.457284E+00,5.140050E+03,1.261597E+04,2.652792E-01,1.237317E+00,3.979741E+02,6.790355E+02,2.054111E-02,6.653029E-02,9.809205E+03,1.561984E+04,5.061325E-01,1.531477E+00,1.081855E+04,1.524241E+04,5.582000E-01,1.494823E+00,1.562176E+04,2.246965E+04,8.060386E-01,2.202758E+00,8.846735E+03,1.308546E+04,4.565057E-01,1.282417E+00
16:30:00,4.926349E+03,3.739254E+04,2.542522E-01,3.676197E+00,8.158746E+03,2.498814E+04,4.210683E-01,2.450856E+00,5.140050E+03,1.171150E+04,2.652792E-01,1.148536E+00,3.979741E+02,6.862378E+02,2.054111E-02,6.723596E-02,9.809205E+03,1.491304E+04,5.061325E-01,1.462125E+00,1.081855E+04,1.426416E+04,5.582000E-01,1.398811E+00,1.562176E+04,2.169233E+04,8.060386E-01,2.126504E+00,8.846735E+03,1.274631E+04,4.565057E-01,1.249167E+00
16:40:00,4.926349E+03,3.703068E+04,2.542522E-01,3.640626E+00,8.158746E+03,2.492563E+04,4.210683E-01,2.444729E+00,5.140050E+03,1.079322E+04,2.652792E-01,1.058383E+00,3.979741E+02,6.918215E+02,2.054111E-02,6.778304E-02,9.809205E+03,1.418429E+04,5.061325E-01,1.390595E+00,1.081855E+04,1.327298E+04,5.582000E-01,1.301501E+00,1.562176E+04,2.089924E+04,8.060386E-01,2.048671E+00,8.846735E+03,1.239597E+04,4.565057E-01,1.214813E+00
16:50:00,4.926349E+03,3.665187E+04,2.542522E-01,3.603245E+00,8.158746E+03,2.486567E+04,4.210683E-01,2.438851E+00,5.140050E+03,9.861041E+03,2.652792E-01,9.668519E-01,3.979741E+02,6.960066E+02,2.054111E-02,6.819308E-02,9.809205E+03,1.343624E+04,5.061325E-01,1.317158E+00,1.081855E+04,1.227260E+04,5.582000E-01,1.203270E+00,1.562176E+04,2.009116E+04,8.060386E-01,1.969349E+00,8.846735E+03,1.203609E+04,4.565057E-01,1.179518E+00
17:00:00,4.926349E+03,3.625809E+04,2.542522E-01,3.564344E+00,8.158746E+03,2.480731E+04,4.210683E-01,2.433129E+00,5.140050E+03,8.914441E+03,2.652792E-01,8.738979E-01,3.979741E+02,6.990065E+02,2.054111E-02,6.848701E-02,9.809205E+03,1.267063E+04,5.061325E-01,1.241991E+00,1.081855E+04,1.126520E+04,5.582000E-01,1.104342E+00,1.562176E+04,1.926729E+04,8.060386E-01,1.888470E+00,8.846735E+03,1.166793E+04,4.565057E-01,1.143408E+00
17:10:00,4.926349E+03,3.609422E+04,2.542522E-01,3.548051E+00,8.158746E+03,2.410670E+04,4.210683E-01,2.364416E+00,5.140050E+03,8.656129E+03,2.652792E-01,8.484625E-01,3.979741E+02,6.840110E+02,2.054111E-02,6.701778E-02,9.809205E+03,1.227219E+04,5.061325E-01,1.202836E+00,1.081855E+04,1.088016E+04,5.582000E-01,1.066463E+00,1.562176E+04,1.866245E+04,8.060386E-01,1.829076E+00,8.846735E+03,1.132686E+04,4.565057E-01,1.109955E+00
17:20:00,4.926349E+03,3.591708E+04,2.542522E-01,3.530512E+00,8.158746E+03,2.338079E+04,4.210683E-01,2.293176E+00,5.140050E+03,8.388960E+03,2.652792E-01,8.222028E-01,3.979741E+02,6.674669E+02,2.054111E-02,6.539683E-02,9.809205E+03,1.186505E+04,5.061325E-01,1.162853E+00,1.081855E+04,1.051171E+04,5.582000E-01,1.030252E+00,1.562176E+04,1.803376E+04,8.060386E-01,1.767363E+00,8.846735E+03,1.096846E+04,4.565057E-01,1.074807E+00
17:30:00,4.926349E+03,3.572789E+04,2.542522E-01,3.511837E+00,8.158746E+03,2.264095E+04,4.210683E-01,2.220575E+00,5.140050E+03,8.107474E+03,2.652792E-01,7.945608E-01,3.979741E+02,6.498064E+02,2.054111E-02,6.366649E-02,9.809205E+03,1.144663E+04,5.061325E-01,1.121789E+00,1.081855E+04,1.014763E+04,5.582000E-01,9.945029E-01,1.562176E+04,1.737751E+04,8.060386E-01,1.702978E+00,8.846735E+03,1.059896E+04,4.565057E-01,1.038578E+00
17:40:00,4.926349E+03,3.552610E+04,2.542522E-01,3.491962E+00,8.158746E+03,2.188610E+04,4.210683E-01,2.146516E+00,5.140050E+03,7.805923E+03,2.652792E-01,7.649731E-01,3.979741E+02,6.311693E+02,2.054111E-02,6.184047E-02,9.809205E+03,1.101467E+04,5.061325E-01,1.079422E+00,1.081855E+04,9.780908E+03,5.582000E-01,9.585282E-01,1.562176E+04,1.668510E+04,8.060386E-01,1.635081E+00,8.846735E+03,1.022044E+04,4.565057E-01,1.001473E+00
17:50:00,4.926349E+03,3.531354E+04,2.542522E-01,3.471055E+00,8.158746E+03,2.112063E+04,4.210683E-01,2.071429E+00,5.140050E+03,7.487752E+03,2.652792E-01,7.337728E-01,3.979741E+02,6.116401E+02,2.054111E-02,5.992705E-02,9.809205E+03,1.057028E+04,5.061325E-01,1.035853E+00,1.081855E+04,9.411698E+03,5.582000E-01,9.223311E-01,1.562176E+04,1.596090E+04,8.060386E-01,1.564088E+00,8.846735E+03,9.834297E+03,4.565057E-01,9.636276E-01
18:00:00,4.926349E+03,3.509094E+04,2.542522E-01,3.449174E+00,8.158746E+03,2.034650E+04,4.210683E-01,1.995501E+00,5.140050E+03,7.153901E+03,2.652792E-01,7.010458E-01,3.979741E+02,5.912893E+02,2.054111E-02,5.793313E-02,9.809205E+03,1.011394E+04,5.061325E-01,9.911214E-01,1.081855E+04,9.039893E+03,5.582000E-01,8.858899E-01,1.562176E+04,1.520689E+04,8.060386E-01,1.490183E+00,8.846735E+03,9.441505E+03,4.565057E-01,9.251348E-01
18:10:00,4.926349E+03,3.505505E+04,2.542522E-01,3.445651E+00,8.158746E+03,2.020656E+04,4.210683E-01,1.981778E+00,5.140050E+03,6.998241E+03,2.652792E-01,6.857867E-01,3.979741E+02,5.872643E+02,2.054111E-02,5.753877E-02,9.809205E+03,9.917477E+03,5.061325E-01,9.718611E-01,1.081855E+04,8.849547E+03,5.582000E-01,8.672347E-01,1.562176E+04,1.476949E+04,8.060386E-01,1.447307E+00,8.846735E+03,9.288532E+03,4.565057E-01,9.101433E-01
18:20:00,4.926349E+03,3.501796E+04,2.542522E-01,3.442054E+00,8.158746E+03,2.008320E+04,4.210683E-01,1.969727E+00,5.140050E+03,6.835622E+03,2.652792E-01,6.698503E-01,3.979741E+02,5.835895E+02,2.054111E-02,5.717872E-02,9.809205E+03,9.735986E+03,5.061325E-01,9.540728E-01,1.081855E+04,8.676654E+03,5.582000E-01,8.502934E-01,1.562176E+04,1.433682E+04,8.060386E-01,1.404899E+00,8.846735E+03,9.157106E+03,4.565057E-01,8.972656E-01
18:30:00,4.926349E+03,3.497696E+04,2.542522E-01,3.438069E+00,8.158746E+03,1.996346E+04,4.210683E-01,1.958027E+00,5.140050E+03,6.662104E+03,2.652792E-01,6.528468E-01,3.979741E+02,5.800743E+02,2.054111E-02,5.683431E-02,9.809205E+03,9.557231E+03,5.061325E-01,9.365541E-01,1.081855E+04,8.510911E+03,5.582000E-01,8.340529E-01,1.562176E+04,1.389245E+04,8.060386E-01,1.361349E+00,8.846735E+03,9.036208E+03,4.565057E-01,8.854201E-01
18:40:00,4.926349E+03,3.493232E+04,2.542522E-01,3.433711E+00,8.158746E+03,1.984877E+04,4.210683E-01,1.946808E+00,5.140050E+03,6.483074E+03,2.652792E-01,6.353032E-01,3.979741E+02,5.766378E+02,2.054111E-02,5.649761E-02,9.809205E+03,9.379093E+03,5.061325E-01,9.190967E-01,1.081855E+04,8.352366E+03,5.582000E-01,8.185171E-01,1.562176E+04,1.343997E+04,8.060386E-01,1.317006E+00,8.846735E+03,8.922422E+03,4.565057E-01,8.742713E-01
18:50:00,4.926349E+03,3.488000E+04,2.542522E-01,3.428587E+00,8.158746E+03,1.973420E+04,4.210683E-01,1.935589E+00,5.140050E+03,6.291376E+03,2.652792E-01,6.165182E-01,3.979741E+02,5.731919E+02,2.054111E-02,5.615998E-02,9.809205E+03,9.194906E+03,5.061325E-01,9.010470E-01,1.081855E+04,8.196714E+03,5.582000E-01,8.032644E-01,1.562176E+04,1.296396E+04,8.060386E-01,1.270359E+00,8.846735E+03,8.813442E+03,4.565057E-01,8.635932E-01
19:00:00,4.926349E+03,3.482064E+04,2.542522E-01,3.422769E+00,8.158746E+03,1.961916E+04,4.210683E-01,1.924315E+00,5.140050E+03,6.099987E+03,2.652792E-01,5.977634E-01,3.979741E+02,5.696282E+02,2.054111E-02,5.581082E-02,9.809205E+03,9.004066E+03,5.061325E-01,8.823456E-01,1.081855E+04,8.042915E+03,5.582000E-01,7.881929E-01,1.562176E+04,1.246561E+04,8.060386E-01,1.221524E+00,8.846735E+03,8.707778E+03,4.565057E-01,8.532400E-01
19:10:00,4.926349E+03,3.475644E+04,2.542522E-01,3.416477E+00,8.158746E+03,1.950546E+04,4.210683E-01,1.913170E+00,5.140050E+03,5.906786E+03,2.652792E-01,5.788319E-01,3.979741E+02,5.658551E+02,2.054111E-02,5.544115E-02,9.809205E+03,8.809816E+03,5.061325E-01,8.633101E-01,1.081855E+04,7.892652E+03,5.582000E-01,7.734678E-01,1.562176E+04,1.195599E+04,8.060386E-01,1.171586E+00,8.846735E+03,8.605331E+03,4.565057E-01,8.432019E-01
19:20:00,4.926349E+03,3.469098E+04,2.542522E-01,3.410066E+00,8.158746E+03,1.939082E+04,4.210683E-01,1.901934E+00,5.140050E+03,5.719357E+03,2.652792E-01,5.604657E-01,3.979741E+02,5.618265E+02,2.054111E-02,5.504643E-02,9.809205E+03,8.617647E+03,5.061325E-01,8.444785E-01,1.081855E+04,7.744276E+03,5.582000E-01,7.589274E-01,1.562176E+04,1.144907E+04,8.060386E-01,1.121911E+00,8.846735E+03,8.505759E+03,4.565057E-01,8.334455E-01
19:30:00,4.926349E+03,3.463000E+04,2.542522E-01,3.404101E+00,8.158746E+03,1.928166E+04,4.210683E-01,1.891234E+00,5.140050E+03,5.550657E+03,2.652792E-01,5.439347E-01,3.979741E+02,5.575616E+02,2.054111E-02,5.462857E-02,9.809205E+03,8.436676E+03,5.061325E-01,8.267445E-01,1.081855E+04,7.603087E+03,5.582000E-01,7.450915E-01,1.562176E+04,1.097457E+04,8.060386E-01,1.075413E+00,8.846735E+03,8.409176E+03,4.565057E-01,8.239818E-01
19:40:00,4.926349E+03,3.457523E+04,2.542522E-01,3.398751E+00,8.158746E+03,1.917954E+04,4.210683E-01,1.881225E+00,5.140050E+03,5.404110E+03,2.652792E-01,5.295747E-01,3.979741E+02,5.531602E+02,2.054111E-02,5.419733E-02,9.809205E+03,8.271166E+03,5.061325E-01,8.105256E-01,1.081855E+04,7.471668E+03,5.582000E-01,7.322130E-01,1.562176E+04,1.054607E+04,8.060386E-01,1.033424E+00,8.846735E+03,8.316430E+03,4.565057E-01,8.148942E-01
19:50:00,4.926349E+03,3.453045E+04,2.542522E-01,3.394385E+00,8.158746E+03,1.908592E+04,4.210683E-01,1.872050E+00,5.140050E+03,5.286107E+03,2.652792E-01,5.180120E-01,3.979741E+02,5.487606E+02,2.054111E-02,5.376626E-02,9.809205E+03,8.127313E+03,5.061325E-01,7.964293E-01,1.081855E+04,7.352211E+03,5.582000E-01,7.205067E-01,1.562176E+04,1.018069E+04,8.060386E-01,9.976208E-01,8.846735E+03,8.228743E+03,4.565057E-01,8.063022E-01
20:00:00,4.926349E+03,3.449566E+04,2.542522E-01,3.390997E+00,8.158746E+03,1.900028E+04,4.210683E-01,1.863658E+00,5.140050E+03,5.185476E+03,2.652792E-01,5.081518E-01,3.979741E+02,5.445195E+02,2.054111E-02,5.335073E-02,9.809205E+03,8.006561E+03,5.061325E-01,7.845968E-01,1.081855E+04,7.245008E+03,5.582000E-01,7.100016E-01,1.562176E+04,9.881272E+03,8.060386E-01,9.682814E-01,8.846735E+03,8.147321E+03,4.565057E-01,7.983242E-01
20:10:00,4.926349E+03,2.960222E+04,2.542522E-01,2.909980E+00,8.158746E+03,1.892139E+04,4.210683E-01,1.855928E+00,5.140050E+03,5.107511E+03,2.652792E-01,5.005118E-01,3.979741E+02,5.400948E+02,2.054111E-02,5.291721E-02,9.809205E+03,7.907717E+03,5.061325E-01,7.749115E-01,1.081855E+04,7.149696E+03,5.582000E-01,7.006618E-01,1.562176E+04,9.644139E+03,8.060386E-01,9.450458E-01,8.846735E+03,8.072623E+03,4.565057E-01,7.910051E-01
20:20:00,4.926349E+03,2.471484E+04,2.542522E-01,2.429329E+00,8.158746E+03,1.884905E+04,4.210683E-01,1.848840E+00,5.140050E+03,5.045918E+03,2.652792E-01,4.944767E-01,3.979741E+02,5.343077E+02,2.054111E-02,5.235021E-02,9.809205E+03,7.826533E+03,5.061325E-01,7.669568E-01,1.081855E+04,7.068263E+03,5.582000E-01,6.926822E-01,1.562176E+04,9.460852E+03,8.060386E-01,9.270869E-01,8.846735E+03,8.004925E+03,4.565057E-01,7.843717E-01
20:30:00,4.926349E+03,1.978350E+04,2.542522E-01,1.944343E+00,8.158746E+03,1.877627E+04,4.210683E-01,1.841709E+00,5.140050E+03,4.989204E+03,2.652792E-01,4.889197E-01,3.979741E+02,5.268026E+02,2.054111E-02,5.161488E-02,9.809205E+03,7.754793E+03,5.061325E-01,7.599276E-01,1.081855E+04,6.995729E+03,5.582000E-01,6.855746E-01,1.562176E+04,9.306676E+03,8.060386E-01,9.119808E-01,8.846735E+03,7.943916E+03,4.565057E-01,7.783939E-01
20:40:00,4.926349E+03,1.483349E+04,2.542522E-01,1.457513E+00,8.158746E+03,1.870228E+04,4.210683E-01,1.834457E+00,5.140050E+03,4.934904E+03,2.652792E-01,4.835993E-01,3.979741E+02,5.177740E+02,2.054111E-02,5.073028E-02,9.809205E+03,7.688853E+03,5.061325E-01,7.534667E-01,1.081855E+04,6.929631E+03,5.582000E-01,6.790978E-01,1.562176E+04,9.171739E+03,8.060386E-01,8.987596E-01,8.846735E+03,7.888441E+03,4.565057E-01,7.729584E-01
20:50:00,4.926349E+03,9.866251E+03,2.542522E-01,9.689865E-01,8.158746E+03,1.862757E+04,4.210683E-01,1.827135E+00,5.140050E+03,4.882604E+03,2.652792E-01,4.784747E-01,3.979741E+02,5.074863E+02,2.054111E-02,4.972231E-02,9.809205E+03,7.626724E+03,5.061325E-01,7.473790E-01,1.081855E+04,6.868638E+03,5.582000E-01,6.731211E-01,1.562176E+04,9.051433E+03,8.060386E-01,8.869718E-01,8.846735E+03,7.837157E+03,4.565057E-01,7.679335E-01
21:00:00,4.926349E+03,4.884732E+03,2.542522E-01,4.790545E-01,8.158746E+03,1.855259E+04,4.210683E-01,1.819786E+00,5.140050E+03,4.832022E+03,2.652792E-01,4.735184E-01,3.979741E+02,4.961662E+02,2.054111E-02,4.861320E-02,9.809205E+03,7.566858E+03,5.061325E-01,7.415129E-01,1.081855E+04,6.811692E+03,5.582000E-01,6.675411E-01,1.562176E+04,8.942411E+03,8.060386E-01,8.762895E-01,8.846735E+03,7.788767E+03,4.565057E-01,7.631921E-01
21:10:00,4.926349E+03,4.689633E+03,2.542522E-01,4.596702E-01,8.158746E+03,1.675026E+04,4.210683E-01,1.643003E+00,5.140050E+03,4.627258E+03,2.652792E-01,4.534526E-01,3.979741E+02,4.844085E+02,2.054111E-02,4.746120E-02,9.809205E+03,7.425753E+03,5.061325E-01,7.276858E-01,1.081855E+04,6.648198E+03,5.582000E-01,6.515192E-01,1.562176E+04,8.775702E+03,8.060386E-01,8.599542E-01,8.846735E+03,7.735545E+03,4.565057E-01,7.579772E-01
21:20:00,4.926349E+03,4.481881E+03,2.542522E-01,4.392661E-01,8.158746E+03,1.494980E+04,4.210683E-01,1.466328E+00,5.140050E+03,4.422204E+03,2.652792E-01,4.333563E-01,3.979741E+02,4.734679E+02,2.054111E-02,4.638926E-02,9.809205E+03,7.276874E+03,5.061325E-01,7.130952E-01,1.081855E+04,6.477555E+03,5.582000E-01,6.347944E-01,1.562176E+04,8.607035E+03,8.060386E-01,8.434255E-01,8.846735E+03,7.678338E+03,4.565057E-01,7.523717E-01
21:30:00,4.926349E+03,4.308140E+03,2.542522E-01,4.222138E-01,8.158746E+03,1.314091E+04,4.210683E-01,1.288815E+00,5.140050E+03,4.218066E+03,2.652792E-01,4.133489E-01,3.979741E+02,4.637862E+02,2.054111E-02,4.544068E-02,9.809205E+03,7.122865E+03,5.061325E-01,6.980034E-01,1.081855E+04,6.302379E+03,5.582000E-01,6.176262E-01,1.562176E+04,8.437196E+03,8.060386E-01,8.267842E-01,8.846735E+03,7.617558E+03,4.565057E-01,7.464180E-01
21:40:00,4.926349E+03,4.143676E+03,2.542522E-01,4.060780E-01,8.158746E+03,1.132977E+04,4.210683E-01,1.111069E+00,5.140050E+03,4.014908E+03,2.652792E-01,3.934367E-01,3.979741E+02,4.552361E+02,2.054111E-02,4.460296E-02,9.809205E+03,6.964929E+03,5.061325E-01,6.825289E-01,1.081855E+04,6.123321E+03,5.582000E-01,6.000788E-01,1.562176E+04,8.265939E+03,8.060386E-01,8.100073E-01,8.846735E+03,7.553435E+03,4.565057E-01,7.401398E-01
21:50:00,4.926349E+03,3.987837E+03,2.542522E-01,3.907922E-01,8.158746E+03,9.516153E+03,4.210683E-01,9.330699E-01,5.140050E+03,3.812522E+03,2.652792E-01,3.735992E-01,3.979741E+02,4.475922E+02,2.054111E-02,4.385402E-02,9.809205E+03,6.803837E+03,5.061325E-01,6.667471E-01,1.081855E+04,5.940744E+03,5.582000E-01,5.821879E-01,1.562176E+04,8.093043E+03,8.060386E-01,7.930724E-01,8.846735E+03,7.486184E+03,4.565057E-01,7.335576E-01
22:00:00,4.926349E+03,3.838375E+03,2.542522E-01,3.761350E-01,8.158746E+03,7.700163E+03,4.210683E-01,7.548312E-01,5.140050E+03,3.610718E+03,2.652792E-01,3.538182E-01,3.979741E+02,4.406541E+02,2.054111E-02,4.317424E-02,9.809205E+03,6.640043E+03,5.061325E-01,6.507016E-01,1.081855E+04,5.754848E+03,5.582000E-01,5.639723E-01,1.562176E+04,7.918267E+03,8.060386E-01,7.759549E-01,8.846735E+03,7.415938E+03,4.565057E-01,7.266837E-01
22:10:00,4.926349E+03,3.763121E+03,2.542522E-01,3.687526E-01,8.158746E+03,7.610447E+03,4.210683E-01,7.459161E-01,5.140050E+03,3.565544E+03,2.652792E-01,3.493858E-01,3.979741E+02,4.343272E+02,2.054111E-02,4.255435E-02,9.809205E+03,6.557071E+03,5.061325E-01,6.425771E-01,1.081855E+04,5.676281E+03,5.582000E-01,5.562753E-01,1.562176E+04,7.809084E+03,8.060386E-01,7.652659E-01,8.846735E+03,7.350257E+03,4.565057E-01,7.202581E-01
22:20:00,4.926349E+03,3.694442E+03,2.542522E-01,3.620173E-01,8.158746E+03,7.520743E+03,4.210683E-01,7.370740E-01,5.140050E+03,3.523890E+03,2.652792E-01,3.453002E-01,3.979741E+02,4.286491E+02,2.054111E-02,4.199803E-02,9.809205E+03,6.481268E+03,5.061325E-01,6.351569E-01,1.081855E+04,5.605167E+03,5.582000E-01,5.493112E-01,1.562176E+04,7.707883E+03,8.060386E-01,7.553605E-01,8.846735E+03,7.287794E+03,4.565057E-01,7.141485E-01
22:30:00,4.926349E+03,3.631417E+03,2.542522E-01,3.558373E-01,8.158746E+03,7.442329E+03,4.210683E-01,7.293494E-01,5.140050E+03,3.484652E+03,2.652792E-01,3.414518E-01,3.979741E+02,4.235841E+02,2.054111E-02,4.150177E-02,9.809205E+03,6.410269E+03,5.061325E-01,6.282061E-01,1.081855E+04,5.538465E+03,5.582000E-01,5.427787E-01,1.562176E+04,7.612327E+03,8.060386E-01,7.460063E-01,8.846735E+03,7.227984E+03,4.565057E-01,7.082974E-01
22:40:00,4.926349E+03,3.572994E+03,2.542522E-01,3.501092E-01,8.158746E+03,7.368643E+03,4.210683E-01,7.220984E-01,5.140050E+03,3.447378E+03,2.652792E-01,3.377967E-01,3.979741E+02,4.190358E+02,2.054111E-02,4.105614E-02,9.809205E+03,6.343266E+03,5.061325E-01,6.216446E-01,1.081855E+04,5.475304E+03,5.582000E-01,5.365918E-01,1.562176E+04,7.521662E+03,8.060386E-01,7.371280E-01,8.846735E+03,7.170649E+03,4.565057E-01,7.026860E-01
22:50:00,4.926349E+03,3.518395E+03,2.542522E-01,3.447565E-01,8.158746E+03,7.299258E+03,4.210683E-01,7.152778E-01,5.140050E+03,3.411837E+03,2.652792E-01,3.343121E-01,3.979741E+02,4.149083E+02,2.054111E-02,4.065174E-02,9.809205E+03,6.279699E+03,5.061325E-01,6.154180E-01,1.081855E+04,5.415155E+03,5.582000E-01,5.306990E-01,1.562176E+04,7.435327E+03,8.060386E-01,7.286711E-01,8.846735E+03,7.115580E+03,4.565057E-01,6.972941E-01
23:00:00,4.926349E+03,3.466989E+03,2.542522E-01,3.397172E-01,8.158746E+03,7.233488E+03,4.210683E-01,7.088180E-01,5.140050E+03,3.377839E+03,2.652792E-01,3.309792E-01,3.979741E+02,4.111218E+02,2.054111E-02,4.028074E-02,9.809205E+03,6.219181E+03,5.061325E-01,6.094889E-01,1.081855E+04,5.357684E+03,5.582000E-01,5.250677E-01,1.562176E+04,7.352918E+03,8.060386E-01,7.205974E-01,8.846735E+03,7.062605E+03,4.565057E-01,6.921058E-01
23:10:00,4.926349E+03,3.418058E+03,2.542522E-01,3.349208E-01,8.158746E+03,7.170267E+03,4.210683E-01,7.026124E-01,5.140050E+03,3.344937E+03,2.652792E-01,3.277541E-01,3.979741E+02,4.076123E+02,2.054111E-02,3.993689E-02,9.809205E+03,6.160612E+03,5.061325E-01,6.037502E-01,1.081855E+04,5.301762E+03,5.582000E-01,5.195878E-01,1.562176E+04,7.272851E+03,8.060386E-01,7.127520E-01,8.846735E+03,7.010852E+03,4.565057E-01,6.870362E-01
23:20:00,4.926349E+03,3.371222E+03,2.542522E-01,3.303301E-01,8.158746E+03,7.109182E+03,4.210683E-01,6.966192E-01,5.140050E+03,3.312995E+03,2.652792E-01,3.246233E-01,3.979741E+02,4.043291E+02,2.054111E-02,3.961521E-02,9.809205E+03,6.103736E+03,5.061325E-01,5.981770E-01,1.081855E+04,5.247134E+03,5.582000E-01,5.142346E-01,1.562176E+04,7.194752E+03,8.060386E-01,7.050991E-01,8.846735E+03,6.960168E+03,4.565057E-01,6.820707E-01
23:30:00,4.926349E+03,3.326189E+03,2.542522E-01,3.259163E-01,8.158746E+03,7.049941E+03,4.210683E-01,6.908086E-01,5.140050E+03,3.281919E+03,2.652792E-01,3.215777E-01,3.979741E+02,4.012320E+02,2.054111E-02,3.931176E-02,9.809205E+03,6.048338E+03,5.061325E-01,5.927483E-01,1.081855E+04,5.193617E+03,5.582000E-01,5.089899E-01,1.562176E+04,7.118353E+03,8.060386E-01,6.976124E-01,8.846735E+03,6.910413E+03,4.565057E-01,6.771958E-01
23:40:00,4.926349E+03,3.282742E+03,2.542522E-01,3.216582E-01,8.158746E+03,6.992322E+03,4.210683E-01,6.851586E-01,5.140050E+03,3.251639E+03,2.652792E-01,3.186101E-01,3.979741E+02,3.982888E+02,2.054111E-02,3.902340E-02,9.809205E+03,5.994240E+03,5.061325E-01,5.874469E-01,1.081855E+04,5.141065E+03,5.582000E-01,5.038399E-01,1.562176E+04,7.043439E+03,8.060386E-01,6.902711E-01,8.846735E+03,6.861464E+03,4.565057E-01,6.723996E-01
23:50:00,4.926349E+03,3.240673E+03,2.542522E-01,3.175352E-01,8.158746E+03,6.936161E+03,4.210683E-01,6.796525E-01,5.140050E+03,3.222101E+03,2.652792E-01,3.157154E-01,3.979741E+02,3.954743E+02,2.054111E-02,3.874764E-02,9.809205E+03,5.941295E+03,5.061325E-01,5.822583E-01,1.081855E+04,5.089367E+03,5.582000E-01,4.987733E-01,1.562176E+04,6.969837E+03,8.060386E-01,6.830581E-01,8.846735E+03,6.813221E+03,4.565057E-01,6.676724E-01
24:00:00,4.926349E+03,3.199811E+03,2.542522E-01,3.135307E-01,8.158746E+03,6.881342E+03,4.210683E-01,6.742786E-01,5.140050E+03,3.193271E+03,2.652792E-01,3.128903E-01,3.979741E+02,3.927684E+02,2.054111E-02,3.848252E-02,9.809205E+03,5.889377E+03,5.061325E-01,5.771704E-01,1.081855E+04,5.038430E+03,5.582000E-01,4.937815E-01,1.562176E+04,6.897406E+03,8.060386E-01,6.759599E-01,8.846735E+03,6.765602E+03,4.565057E-01,6.630062E-01
Peak,4.926349E+03,3.831051E+04,2.542522E-01,3.764143E+00,8.158746E+03,2.602925E+04,4.210683E-01,2.552960E+00,5.140050E+03,1.436975E+04,2.652792E-01,1.409379E+00,3.979741E+02,6.990065E+02,2.054111E-02,6.848701E-02,9.809205E+03,1.693829E+04,5.061325E-01,1.660781E+00,1.081855E+04,1.961700E+04,5.582000E-01,1.923880E+00,1.562176E+04,2.442738E+04,8.060386E-01,2.394718E+00,8.846735E+03,1.380279E+04,4.565057E-01,1.352725E+00

Peak Vol Flow (m3/s),,,2.162221E-01,3.201116E+00,,,3.580864E-01,2.171097E+00,,,2.255997E-01,1.198569E+00,,,1.746864E-02,5.824296E-02,,,4.304270E-01,1.412367E+00,,,4.747064E-01,1.636113E+00,,,6.854742E-01,2.036524E+00,,,3.882232E-01,1.150389E+00
